
> backend@1.0.0 dev
> nodemon src/server.js

[33m[nodemon] 3.1.14[39m
[33m[nodemon] to restart at any time, enter `rs`[39m
[33m[nodemon] watching path(s): *.*[39m
[33m[nodemon] watching extensions: js,mjs,cjs,json[39m
[32m[nodemon] starting `node src/server.js`[39m
◇ injected env (4) from .env // tip: ⌁ auth for agents [www.vestauth.com]
Firebase Admin Initialized successfully using serviceAccountKey.json.
Server running in development mode on port 8000
MongoDB Connected: localhost
Login attempt: { email: 'admin@artisanhunt.com', password: 'password' }
User not found in User collection, checking Admin
Password Match: false
[0mPOST /api/auth/login [33m401[0m 118.718 ms - 39[0m
Login attempt: { email: 'admin@artisanhunt.com', password: 'AdminPass123!' }
User not found in User collection, checking Admin
Password Match: true
[0mPOST /api/auth/login [32m200[0m 121.246 ms - 311[0m
[0mGET /api/admin/notifications [32m200[0m 31.619 ms - 502[0m
[0mGET /api/admin/analytics/overview [32m200[0m 74.693 ms - 11203[0m
[0mGET /api/admin/analytics/overview [36m304[0m 24.402 ms - -[0m
Login attempt: { email: 'provider1@test.com', password: 'ProviderPass1!' }
Password Match: true
[0mPOST /api/auth/login [32m200[0m 153.876 ms - 315[0m
[0mGET /api/users/me [32m200[0m 11.214 ms - 1457[0m
[0mGET /api/bookings/user/6a708bd0728cc62199cd7650 [36m304[0m 15.759 ms - -[0m
[0mPUT /api/users/push-token [32m200[0m 9.760 ms - 60[0m
[0mGET /api/users/me [36m304[0m 11.266 ms - -[0m
[0mGET /api/users/profile-update-request/me [36m304[0m 8.215 ms - -[0m
[0mGET /images/profile-male.png [36m304[0m 1.594 ms - -[0m
[0mGET /api/users/me [36m304[0m 4.317 ms - -[0m
[0mGET /api/bookings/user/6a708bd0728cc62199cd7650 [36m304[0m 5.837 ms - -[0m
[0mPUT /api/users/push-token [32m200[0m 6.753 ms - 60[0m
Login attempt: { email: 'provider2@test.com', password: 'ProviderPass2!' }
Password Match: true
[0mPOST /api/auth/login [32m200[0m 115.508 ms - 311[0m
[0mGET /api/users/me [32m200[0m 3.951 ms - 1419[0m
[0mGET /api/bookings/user/6a708bd0728cc62199cd7653 [32m200[0m 2.044 ms - 2[0m
[0mPUT /api/users/push-token [32m200[0m 14.759 ms - 60[0m
[0mGET /api/users/me [32m200[0m 7.799 ms - 1475[0m
[0mGET /api/users/profile-update-request/me [36m304[0m 6.566 ms - -[0m
[0mGET /images/profile-female.png [32m200[0m 2.917 ms - 6503[0m
[0mGET /api/admin/logs [32m200[0m 3.034 ms - 1799[0m
[0mGET /api/admin/logs [36m304[0m 2.107 ms - -[0m
[0mGET /api/admin/notifications [32m200[0m 69.058 ms - 502[0m
[0mGET /api/admin/notifications [32m200[0m 10.237 ms - 502[0m
[0mGET /api/admin/analytics/detailed [32m200[0m 23.136 ms - 686[0m
[0mGET /api/admin/analytics/detailed [36m304[0m 8.791 ms - -[0m
[0mGET /api/admin/analytics/overview [32m200[0m 45.650 ms - 11203[0m
[0mGET /api/admin/analytics/overview [36m304[0m 25.997 ms - -[0m
[0mGET /api/admin/categories [32m200[0m 3.837 ms - 2084[0m
[0mGET /api/admin/notifications [32m200[0m 9.319 ms - 502[0m
[0mGET /api/admin/categories [36m304[0m 2.864 ms - -[0m
[0mGET /api/admin/reviews [32m200[0m 6.503 ms - 9429[0m
[0mGET /api/admin/notifications [32m200[0m 8.936 ms - 502[0m
[0mGET /api/admin/reviews [36m304[0m 6.948 ms - -[0m
[0mGET /api/admin/reports [36m304[0m 10.132 ms - -[0m
[0mGET /api/admin/notifications [32m200[0m 13.025 ms - 502[0m
[0mGET /api/admin/reports [36m304[0m 6.411 ms - -[0m
[0mGET /api/admin/bookings [32m200[0m 14.240 ms - 22179[0m
[0mGET /api/admin/notifications [32m200[0m 20.108 ms - 502[0m
[0mGET /api/admin/bookings [36m304[0m 9.466 ms - -[0m
[0mGET /api/admin/users [32m200[0m 18.677 ms - 520523[0m
[0mGET /api/admin/notifications [32m200[0m 23.670 ms - 502[0m
[0mGET /api/admin/users [36m304[0m 11.662 ms - -[0m
[0mGET /images/profile-male.png [36m304[0m 0.485 ms - -[0m
[0mGET /images/profile-female.png [36m304[0m 0.434 ms - -[0m
[0mGET /images/dummy-ghana-card.jpg [36m304[0m 0.236 ms - -[0m
Login attempt: { email: 'provider3@artisanhunt.com', password: 'ProviderPass3!' }
User not found in User collection, checking Admin
User completely not found
[0mPOST /api/auth/login [33m401[0m 7.728 ms - 39[0m
Login attempt: { email: 'provider3@test.com', password: 'ProviderPass3!' }
Password Match: true
[0mPOST /api/auth/login [32m200[0m 107.075 ms - 314[0m
[0mGET /api/users/me [32m200[0m 3.113 ms - 1476[0m
[0mGET /api/bookings/user/6a708bd0728cc62199cd7656 [32m200[0m 1.336 ms - 2[0m
[0mPUT /api/users/push-token [32m200[0m 11.687 ms - 60[0m
[0mGET /api/users/me [32m200[0m 5.318 ms - 1476[0m
[0mGET /api/users/profile-update-request/me [36m304[0m 3.179 ms - -[0m
[0mGET /images/profile-male.png [36m304[0m 0.258 ms - -[0m
[0mGET /api/admin/bookings [36m304[0m 11.731 ms - -[0m
[0mGET /api/admin/notifications [32m200[0m 17.004 ms - 502[0m
[0mGET /api/admin/bookings [36m304[0m 8.459 ms - -[0m
[0mGET /api/admin/reports [36m304[0m 10.003 ms - -[0m
[0mGET /api/admin/notifications [32m200[0m 15.135 ms - 502[0m
[0mGET /api/admin/reports [36m304[0m 6.167 ms - -[0m
[0mGET /api/admin/users [32m200[0m 17.427 ms - 520523[0m
[0mGET /api/admin/notifications [32m200[0m 24.165 ms - 502[0m
[0mGET /api/admin/users [36m304[0m 14.486 ms - -[0m
[0mGET /images/profile-male.png [36m304[0m 0.302 ms - -[0m
[0mGET /images/profile-female.png [36m304[0m 0.469 ms - -[0m
[0mGET /api/admin/notifications [32m200[0m 7.359 ms - 502[0m
[0mGET /api/admin/analytics/overview [36m304[0m 39.856 ms - -[0m
[0mGET /api/admin/analytics/overview [36m304[0m 28.699 ms - -[0m
[0mGET /api/admin/users [36m304[0m 18.289 ms - -[0m
[0mGET /api/admin/notifications [32m200[0m 22.430 ms - 502[0m
[0mGET /api/admin/users [36m304[0m 13.988 ms - -[0m
[0mGET /api/admin/users [36m304[0m 29.233 ms - -[0m
[0mGET /api/admin/users [36m304[0m 12.295 ms - -[0m
[0mGET /api/admin/notifications [32m200[0m 44.012 ms - 502[0m
[0mGET /images/dummy-ghana-card.jpg [36m304[0m 0.435 ms - -[0m
[0mGET /api/admin/users [36m304[0m 17.010 ms - -[0m
[0mGET /api/admin/users [36m304[0m 10.809 ms - -[0m
[0mGET /api/admin/notifications [32m200[0m 30.072 ms - 502[0m
[0mGET /api/admin/users [36m304[0m 15.429 ms - -[0m
[0mGET /api/admin/users [36m304[0m 11.528 ms - -[0m
[0mGET /api/admin/notifications [32m200[0m 29.414 ms - 502[0m
[0mGET /images/dummy-ghana-card.jpg [36m304[0m 0.504 ms - -[0m
Login attempt: { email: 'provider4@test.com', password: 'ProviderPass4!' }
Password Match: true
[0mPOST /api/auth/login [32m200[0m 109.982 ms - 313[0m
[0mGET /api/users/me [32m200[0m 4.117 ms - 1449[0m
[0mGET /api/bookings/user/6a708bd0728cc62199cd7659 [32m200[0m 3.880 ms - 3976[0m
[0mPUT /api/users/push-token [32m200[0m 8.332 ms - 60[0m
Login attempt: { email: 'client4@test.com', password: 'ClientPass4!' }
Password Match: true
[0mPOST /api/auth/login [32m200[0m 107.016 ms - 302[0m
[0mGET /api/users/me [32m200[0m 3.816 ms - 763[0m
[0mGET /api/bookings/user/6a708bd1728cc62199cd7671 [32m200[0m 10.566 ms - 2622[0m
[0mGET /api/users/providers?region=Kumasi [32m200[0m 15.731 ms - 14751[0m
[0mGET /api/bookings/user/6a708bd1728cc62199cd7671 [36m304[0m 5.096 ms - -[0m
[0mPUT /api/users/push-token [32m200[0m 3.592 ms - 60[0m
[0mGET /api/users/me [32m200[0m 9.916 ms - 1505[0m
[0mGET /api/users/profile-update-request/me [36m304[0m 8.838 ms - -[0m
[0mGET /images/profile-female.png [36m304[0m 0.574 ms - -[0m
[0mGET /api/users/me [36m304[0m 6.772 ms - -[0m
[0mGET /api/bookings/user/6a708bd0728cc62199cd7659 [36m304[0m 9.511 ms - -[0m
[0mPUT /api/users/push-token [32m200[0m 8.603 ms - 60[0m
[0mGET /api/users/me [36m304[0m 6.156 ms - -[0m
[0mGET /api/bookings/user/6a708bd0728cc62199cd7659 [36m304[0m 8.395 ms - -[0m
[0mGET /api/admin/users/6a708bd0728cc62199cd7653/full-profile [32m200[0m 22.064 ms - 2112[0m
[0mGET /api/admin/users/6a708bd0728cc62199cd7653/full-profile [36m304[0m 4.731 ms - -[0m
[0mGET /api/admin/bookings [36m304[0m 11.782 ms - -[0m
[0mGET /api/admin/notifications [32m200[0m 16.531 ms - 502[0m
[0mGET /api/admin/bookings [36m304[0m 7.934 ms - -[0m
[0mGET /api/admin/reports [36m304[0m 8.162 ms - -[0m
[0mGET /api/admin/notifications [32m200[0m 10.866 ms - 502[0m
[0mGET /api/admin/reports [36m304[0m 7.592 ms - -[0m
[0mGET /api/admin/reviews [36m304[0m 9.981 ms - -[0m
[0mGET /api/admin/notifications [32m200[0m 13.009 ms - 502[0m
[0mGET /api/admin/reviews [36m304[0m 7.397 ms - -[0m
[0mGET /api/admin/categories [36m304[0m 4.180 ms - -[0m
[0mGET /api/admin/notifications [32m200[0m 8.517 ms - 502[0m
[0mGET /api/admin/categories [36m304[0m 2.441 ms - -[0m
[0mGET /api/admin/reviews [36m304[0m 8.138 ms - -[0m
[0mGET /api/admin/notifications [32m200[0m 10.638 ms - 502[0m
[0mGET /api/admin/reviews [36m304[0m 7.496 ms - -[0m
[0mGET /api/admin/categories [36m304[0m 3.876 ms - -[0m
[0mGET /api/admin/categories [36m304[0m 2.525 ms - -[0m
[0mGET /api/admin/notifications [32m200[0m 6.293 ms - 502[0m
[0mGET /api/admin/notifications [32m200[0m 5.317 ms - 502[0m
[0mGET /api/admin/analytics/detailed [36m304[0m 12.242 ms - -[0m
[0mGET /api/admin/analytics/detailed [36m304[0m 10.440 ms - -[0m
[0mGET /api/admin/analytics/overview [32m200[0m 34.948 ms - 11203[0m
[0mGET /api/admin/analytics/overview [36m304[0m 22.275 ms - -[0m
[0mGET /api/admin/logs [36m304[0m 4.637 ms - -[0m
[0mGET /api/admin/notifications [32m200[0m 10.975 ms - 502[0m
[0mGET /api/admin/logs [36m304[0m 2.757 ms - -[0m
[0mGET /api/admin/administrators [32m200[0m 4.498 ms - 725[0m
[0mGET /api/admin/administrators [36m304[0m 3.272 ms - -[0m
[0mGET /api/admin/notifications [32m200[0m 8.075 ms - 502[0m
[0mGET /api/admin/system-status [32m200[0m 1.575 ms - 251[0m
[0mGET /api/admin/system-status [32m200[0m 0.502 ms - 251[0m
[0mGET /api/admin/settings [32m200[0m 6.281 ms - 245[0m
[0mGET /api/admin/settings [36m304[0m 1.431 ms - -[0m
[0mGET /api/admin/notifications [32m200[0m 12.707 ms - 502[0m
[0mGET /api/admin/notifications [32m200[0m 8.367 ms - 502[0m
[0mGET /api/admin/analytics/overview [36m304[0m 40.553 ms - -[0m
[0mGET /api/admin/analytics/overview [36m304[0m 36.834 ms - -[0m
[0mGET /api/admin/users [32m200[0m 19.137 ms - 520635[0m
[0mGET /api/admin/notifications [32m200[0m 26.171 ms - 502[0m
[0mGET /api/admin/users [36m304[0m 11.396 ms - -[0m
[0mGET /images/profile-male.png [36m304[0m 0.250 ms - -[0m
[0mGET /images/profile-female.png [36m304[0m 0.365 ms - -[0m
[0mGET /api/users/me [36m304[0m 5.152 ms - -[0m
[0mGET /api/bookings/user/6a708bd0728cc62199cd7659 [36m304[0m 4.922 ms - -[0m
[0mPUT /api/users/push-token [32m200[0m 7.321 ms - 60[0m
[0mGET /api/users/me [36m304[0m 6.698 ms - -[0m
[0mGET /api/users/me [32m200[0m 6.856 ms - 819[0m
[0mGET /api/users/profile-update-request/me [32m200[0m 6.606 ms - 4[0m
[0mGET /api/bookings/user/6a708bd1728cc62199cd7671 [36m304[0m 8.010 ms - -[0m
[0mGET /images/profile-male.png [36m304[0m 0.318 ms - -[0m
[0mGET /api/admin/users [36m304[0m 19.388 ms - -[0m
[0mGET /api/admin/users [36m304[0m 12.864 ms - -[0m
[0mGET /api/admin/notifications [32m200[0m 33.383 ms - 502[0m
[0mGET /images/dummy-ghana-card.jpg [36m304[0m 0.485 ms - -[0m
[0mGET /api/admin/users [36m304[0m 18.595 ms - -[0m
[0mGET /api/admin/users [36m304[0m 13.109 ms - -[0m
[0mGET /api/admin/notifications [32m200[0m 34.052 ms - 502[0m
[0mGET /api/admin/search?q=k [32m200[0m 20.088 ms - 10840[0m
[0mGET /api/admin/search?q=kwa [32m200[0m 12.922 ms - 6587[0m
[0mGET /api/users/me [36m304[0m 6.315 ms - -[0m
[0mGET /api/bookings/user/6a708bd0728cc62199cd7659 [36m304[0m 8.489 ms - -[0m
[0mPUT /api/users/push-token [32m200[0m 6.990 ms - 60[0m
Login attempt: { email: 'leslietest@artisanhunt.com', password: 'TestPassword' }
Password Match: true
[0mPOST /api/auth/login [32m200[0m 111.521 ms - 313[0m
[0mGET /api/users/me [32m200[0m 16.403 ms - 499678[0m
[0mGET /api/bookings/user/6a71828262bcc627b0c23489 [32m200[0m 6.036 ms - 2[0m
[0mGET /api/users/providers?region=Kumasi [36m304[0m 5.956 ms - -[0m
[0mGET /api/bookings/user/6a71828262bcc627b0c23489 [36m304[0m 1.442 ms - -[0m
[0mPUT /api/users/push-token [32m200[0m 11.542 ms - 60[0m
[Push Notif] Sending notification to token: ExponentPushToken[0jKGizN45izztIp3GuNSCr]
[Push Notif] Sending notification to token: ExponentPushToken[0jKGizN45izztIp3GuNSCr]
[Push Notif] Expo Push response: {"data":{"status":"ok","id":"019fcce4-6f7c-7068-afc6-6782fdff5be1"}}
[0mPOST /api/bookings [32m201[0m 6320.878 ms - 506[0m
[Push Notif] Expo Push response: {"data":{"status":"ok","id":"019fcce4-6f90-7136-a0d1-a7b1943d55e6"}}
[0mPOST /api/bookings [32m201[0m 7718.183 ms - 506[0m
[0mGET /api/users/providers?region=Kumasi [32m200[0m 11.578 ms - 14751[0m
[0mGET /api/bookings/user/6a71828262bcc627b0c23489 [32m200[0m 20.549 ms - 2611[0m
[0mGET /api/users/me [32m200[0m 20.898 ms - 499678[0m
[0mGET /api/bookings/user/6a71828262bcc627b0c23489 [36m304[0m 4.925 ms - -[0m
[0mPUT /api/users/push-token [32m200[0m 15.060 ms - 60[0m
Login attempt: { email: 'leslietest@artisanhunt.com', password: 'TestPassword' }
Password Match: true
[0mPOST /api/auth/login [32m200[0m 113.220 ms - 313[0m
[0mGET /api/users/providers?region=Kumasi [36m304[0m 16.751 ms - -[0m
[0mGET /api/users/me [32m200[0m 14.062 ms - 499678[0m
[0mGET /api/bookings/user/6a71828262bcc627b0c23489 [36m304[0m 13.149 ms - -[0m
[0mGET /api/bookings/user/6a71828262bcc627b0c23489 [36m304[0m 5.206 ms - -[0m
[0mPUT /api/users/push-token [32m200[0m 12.738 ms - 60[0m
[0mGET /api/bookings/user/6a71828262bcc627b0c23489 [36m304[0m 5.736 ms - -[0m
[0mGET /api/bookings/user/6a71828262bcc627b0c23489 [36m304[0m 6.665 ms - -[0m
[0mGET /api/users/me [32m200[0m 10.693 ms - 1505[0m
[0mGET /api/bookings/user/6a708bd0728cc62199cd7659 [32m200[0m 8.318 ms - 6586[0m
[0mPUT /api/users/push-token [32m200[0m 8.353 ms - 60[0m
[Push Notif] Sending notification to token: ExponentPushToken[0jKGizN45izztIp3GuNSCr]
[Push Notif] Expo Push response: {"data":{"status":"ok","id":"019fcce5-52ab-7266-8f95-9f84947dd639"}}
[0mPATCH /api/bookings/6a71e4751e72146e3aba552a/status [32m200[0m 698.432 ms - 549[0m
[0mGET /api/bookings/user/6a71828262bcc627b0c23489 [32m200[0m 6.129 ms - 2654[0m
[0mGET /api/users/me [36m304[0m 6.612 ms - -[0m
[0mGET /api/users/me [36m304[0m 7.025 ms - -[0m
[0mGET /api/bookings/user/6a708bd0728cc62199cd7659 [32m200[0m 6.734 ms - 6629[0m
[0mPUT /api/users/push-token [32m200[0m 7.578 ms - 60[0m
[0mGET /api/bookings/6a71e4751e72146e3aba552b/chat [32m200[0m 223.551 ms - 2[0m
[0mGET /api/bookings/6a71e4751e72146e3aba552b/chat [36m304[0m 196.034 ms - -[0m
[0mGET /api/bookings/6a71e4751e72146e3aba552b/chat [36m304[0m 174.250 ms - -[0m
[0mPOST /api/bookings/6a71e4751e72146e3aba552b/chat [32m201[0m 189.680 ms - 51[0m
[Push Notif] Sending notification to token: ExponentPushToken[0jKGizN45izztIp3GuNSCr]
[0mGET /api/bookings/6a71e4751e72146e3aba552b/chat [32m200[0m 173.276 ms - 107[0m
[Push Notif] Expo Push response: {"data":{"status":"ok","id":"019fcce5-943a-71b5-b7a9-2bd8a6ff1a6f"}}
[0mGET /api/bookings/6a71e4751e72146e3aba552b/chat [36m304[0m 175.856 ms - -[0m
[0mGET /api/bookings/6a71e4751e72146e3aba552b/chat [36m304[0m 190.191 ms - -[0m
[0mGET /api/bookings/6a71e4751e72146e3aba552b/chat [36m304[0m 185.329 ms - -[0m
[0mGET /api/bookings/6a71e4751e72146e3aba552b/chat [36m304[0m 178.883 ms - -[0m
[0mGET /api/bookings/6a71e4751e72146e3aba552b/chat [36m304[0m 179.200 ms - -[0m
[0mGET /api/bookings/6a71e4751e72146e3aba552b/chat [32m200[0m 184.529 ms - 107[0m
[0mGET /api/bookings/6a71e4751e72146e3aba552b/chat [36m304[0m 196.962 ms - -[0m
[0mGET /api/bookings/6a71e4751e72146e3aba552b/chat [36m304[0m 192.242 ms - -[0m
[0mGET /api/bookings/6a71e4751e72146e3aba552b/chat [36m304[0m 210.933 ms - -[0m
[0mGET /api/bookings/6a71e4751e72146e3aba552b/chat [36m304[0m 180.319 ms - -[0m
[0mGET /api/bookings/6a71e4751e72146e3aba552b/chat [36m304[0m 170.558 ms - -[0m
[0mGET /api/bookings/6a71e4751e72146e3aba552b/chat [36m304[0m 177.899 ms - -[0m
[0mGET /api/bookings/6a71e4751e72146e3aba552b/chat [36m304[0m 210.073 ms - -[0m
[0mPOST /api/bookings/6a71e4751e72146e3aba552b/chat [32m201[0m 184.741 ms - 51[0m
[Push Notif] Sending notification to token: ExponentPushToken[UYLMOkJckVEXgidHLn1Q-3]
[0mGET /api/bookings/6a71e4751e72146e3aba552b/chat [32m200[0m 177.553 ms - 216[0m
[Push Notif] Expo Push response: {"data":{"status":"ok","id":"019fcce5-d8c0-7529-adbe-e1b24a0cfa46"}}
[0mGET /api/bookings/6a71e4751e72146e3aba552b/chat [36m304[0m 167.841 ms - -[0m
[0mGET /api/bookings/6a71e4751e72146e3aba552b/chat [32m200[0m 199.479 ms - 216[0m
[0mGET /api/bookings/6a71e4751e72146e3aba552b/chat [36m304[0m 179.706 ms - -[0m
[0mGET /api/bookings/6a71e4751e72146e3aba552b/chat [36m304[0m 197.889 ms - -[0m
[0mGET /api/bookings/6a71e4751e72146e3aba552b/chat [36m304[0m 187.398 ms - -[0m
[0mGET /api/bookings/6a71e4751e72146e3aba552b/chat [36m304[0m 188.267 ms - -[0m
[0mGET /api/bookings/6a71e4751e72146e3aba552b/chat [36m304[0m 202.846 ms - -[0m
[0mPOST /api/bookings/6a71e4751e72146e3aba552b/chat [32m201[0m 193.930 ms - 51[0m
[Push Notif] Sending notification to token: ExponentPushToken[UYLMOkJckVEXgidHLn1Q-3]
[0mGET /api/bookings/6a71e4751e72146e3aba552b/chat [32m200[0m 37.969 ms - 357[0m
[0mGET /api/bookings/6a71e4751e72146e3aba552b/chat [32m200[0m 205.885 ms - 357[0m
[Push Notif] Expo Push response: {"data":{"status":"ok","id":"019fcce5-f705-7441-84b2-0456b5f390fa"}}
[0mGET /api/bookings/6a71e4751e72146e3aba552b/chat [36m304[0m 187.870 ms - -[0m
[0mGET /api/bookings/6a71e4751e72146e3aba552b/chat [36m304[0m 183.465 ms - -[0m
[0mGET /api/bookings/6a71e4751e72146e3aba552b/chat [36m304[0m 481.439 ms - -[0m
[0mGET /api/bookings/6a71e4751e72146e3aba552b/chat [36m304[0m 189.880 ms - -[0m
[0mGET /api/bookings/6a71e4751e72146e3aba552b/chat [36m304[0m 202.218 ms - -[0m
[0mGET /api/bookings/6a71e4751e72146e3aba552b/chat [36m304[0m 191.148 ms - -[0m
[0mGET /api/bookings/6a71e4751e72146e3aba552b/chat [36m304[0m 184.620 ms - -[0m
[0mGET /api/bookings/6a71e4751e72146e3aba552b/chat [36m304[0m 207.518 ms - -[0m
[0mGET /api/bookings/6a71e4751e72146e3aba552b/chat [36m304[0m 175.055 ms - -[0m
[0mPOST /api/bookings/6a71e4751e72146e3aba552b/chat [32m201[0m 189.587 ms - 51[0m
[Push Notif] Sending notification to token: ExponentPushToken[0jKGizN45izztIp3GuNSCr]
[0mGET /api/bookings/6a71e4751e72146e3aba552b/chat [32m200[0m 122.455 ms - 475[0m
[0mGET /api/bookings/6a71e4751e72146e3aba552b/chat [32m200[0m 170.045 ms - 475[0m
[Push Notif] Expo Push response: {"data":{"status":"ok","id":"019fcce6-1d21-754b-96c9-7d6424dd0a9e"}}
[0mGET /api/bookings/6a71e4751e72146e3aba552b/chat [32m200[0m 176.852 ms - 475[0m
[0mGET /api/bookings/6a71e4751e72146e3aba552b/chat [36m304[0m 192.189 ms - -[0m
[0mGET /api/bookings/6a71e4751e72146e3aba552b/chat [36m304[0m 176.494 ms - -[0m
[0mGET /api/bookings/6a71e4751e72146e3aba552b/chat [36m304[0m 216.912 ms - -[0m
[0mGET /api/bookings/6a71e4751e72146e3aba552b/chat [36m304[0m 166.999 ms - -[0m
[0mGET /api/bookings/6a71e4751e72146e3aba552b/chat [36m304[0m 199.713 ms - -[0m
[0mGET /api/bookings/6a71e4751e72146e3aba552b/chat [36m304[0m 193.093 ms - -[0m
[0mGET /api/bookings/6a71e4751e72146e3aba552b/chat [36m304[0m 206.199 ms - -[0m
[0mGET /api/bookings/6a71e4751e72146e3aba552b/chat [36m304[0m 167.350 ms - -[0m
[0mGET /api/bookings/6a71e4751e72146e3aba552b/chat [36m304[0m 205.800 ms - -[0m
[0mPOST /api/bookings/6a71e4751e72146e3aba552b/chat [32m201[0m 176.653 ms - 51[0m
[Push Notif] Sending notification to token: ExponentPushToken[0jKGizN45izztIp3GuNSCr]
[0mGET /api/bookings/6a71e4751e72146e3aba552b/chat [32m200[0m 198.710 ms - 593[0m
[Push Notif] Expo Push response: {"data":{"status":"ok","id":"019fcce6-4656-7423-96da-3652a767e5ab"}}
[0mGET /api/bookings/6a71e4751e72146e3aba552b/chat [32m200[0m 184.531 ms - 593[0m
[0mGET /api/bookings/6a71e4751e72146e3aba552b/chat [36m304[0m 167.887 ms - -[0m
[0mGET /api/bookings/6a71e4751e72146e3aba552b/chat [36m304[0m 182.538 ms - -[0m
[0mGET /api/bookings/user/6a71828262bcc627b0c23489 [36m304[0m 9.691 ms - -[0m
[0mGET /api/bookings/user/6a71828262bcc627b0c23489 [36m304[0m 8.361 ms - -[0m
[0mGET /api/bookings/6a71e4751e72146e3aba552b/chat [36m304[0m 219.666 ms - -[0m
[0mGET /api/bookings/6a71e4751e72146e3aba552b/chat [36m304[0m 213.805 ms - -[0m
[0mGET /api/bookings/6a71e4751e72146e3aba552b/chat [36m304[0m 185.145 ms - -[0m
[0mPOST /api/bookings/6a71e4751e72146e3aba552b/chat [32m201[0m 177.216 ms - 51[0m
[Push Notif] Sending notification to token: ExponentPushToken[UYLMOkJckVEXgidHLn1Q-3]
[0mGET /api/bookings/6a71e4751e72146e3aba552b/chat [32m200[0m 188.102 ms - 712[0m
[Push Notif] Expo Push response: {"data":{"status":"ok","id":"019fcce6-69f8-73ca-ac03-f1fad17a4ce9"}}
[0mGET /api/bookings/6a71e4751e72146e3aba552b/chat [36m304[0m 178.906 ms - -[0m
[0mGET /api/bookings/6a71e4751e72146e3aba552b/chat [32m200[0m 1277.918 ms - 712[0m
[0mGET /api/bookings/6a71e4751e72146e3aba552b/chat [36m304[0m 185.764 ms - -[0m
[0mGET /api/bookings/6a71e4751e72146e3aba552b/chat [36m304[0m 309.442 ms - -[0m
[0mGET /api/bookings/user/6a71828262bcc627b0c23489 [36m304[0m 8.511 ms - -[0m
[0mGET /api/bookings/user/6a71828262bcc627b0c23489 [36m304[0m 7.764 ms - -[0m
[0mGET /api/bookings/6a71e4751e72146e3aba552b/chat [36m304[0m 179.787 ms - -[0m
[0mGET /api/bookings/6a71e4751e72146e3aba552b/chat [36m304[0m 191.138 ms - -[0m
[0mGET /api/bookings/6a71e4751e72146e3aba552b/chat [36m304[0m 191.643 ms - -[0m
[0mGET /api/users/me [36m304[0m 7.234 ms - -[0m
[0mGET /api/bookings/user/6a708bd0728cc62199cd7659 [36m304[0m 8.544 ms - -[0m
[0mPUT /api/users/push-token [32m200[0m 7.952 ms - 60[0m
[0mGET /api/users/me [36m304[0m 5.974 ms - -[0m
[0mGET /api/users/me [36m304[0m 5.881 ms - -[0m
[0mGET /api/bookings/user/6a708bd0728cc62199cd7659 [36m304[0m 8.997 ms - -[0m
[0mPUT /api/users/push-token [32m200[0m 7.437 ms - 60[0m
[Push Notif] Sending notification to token: ExponentPushToken[UYLMOkJckVEXgidHLn1Q-3]
[Push Notif] Expo Push response: {"data":{"status":"ok","id":"019fcce6-b15d-74bf-87b4-6c59f3cc498b"}}
[0mPATCH /api/bookings/6a71e4751e72146e3aba552b/status [32m200[0m 700.990 ms - 507[0m
[0mGET /api/users/me [36m304[0m 6.282 ms - -[0m
[0mGET /api/bookings/user/6a708bd0728cc62199cd7659 [32m200[0m 8.719 ms - 6630[0m
[0mPATCH /api/bookings/6a71e4751e72146e3aba552b/schedule [32m200[0m 6.107 ms - 522[0m
[0mGET /api/users/me [36m304[0m 6.439 ms - -[0m
[0mGET /api/bookings/user/6a708bd0728cc62199cd7659 [32m200[0m 7.534 ms - 6645[0m
[0mGET /api/bookings/6a71e4751e72146e3aba552b/chat [36m304[0m 340.423 ms - -[0m
[0mGET /api/bookings/6a71e4751e72146e3aba552b/chat [36m304[0m 179.206 ms - -[0m
[0mGET /api/bookings/6a71e4751e72146e3aba552b/chat [36m304[0m 208.021 ms - -[0m
[0mGET /api/bookings/6a71e4751e72146e3aba552b/chat [36m304[0m 246.863 ms - -[0m
[0mGET /api/bookings/6a71e4751e72146e3aba552b/chat [36m304[0m 195.142 ms - -[0m
[0mGET /api/bookings/6a71e4751e72146e3aba552b/chat [36m304[0m 177.370 ms - -[0m
[0mGET /api/bookings/6a71e4751e72146e3aba552b/chat [36m304[0m 180.523 ms - -[0m
[0mGET /api/bookings/user/6a71828262bcc627b0c23489 [32m200[0m 6.229 ms - 2670[0m
[0mGET /api/bookings/user/6a71828262bcc627b0c23489 [32m200[0m 6.059 ms - 2670[0m
[Push Notif] Sending notification to token: ExponentPushToken[UYLMOkJckVEXgidHLn1Q-3]
[Push Notif] Expo Push response: {"data":{"status":"ok","id":"019fcce8-de64-71ac-a581-d5799719dcc8"}}
[0mPATCH /api/bookings/6a71e4751e72146e3aba552b/status [32m200[0m 769.697 ms - 566[0m
[0mGET /api/users/me [36m304[0m 6.832 ms - -[0m
[0mGET /api/bookings/user/6a708bd0728cc62199cd7659 [32m200[0m 10.719 ms - 6689[0m
[0mGET /api/bookings/user/6a71828262bcc627b0c23489 [32m200[0m 3.597 ms - 2714[0m
[0mPOST /api/reviews [32m201[0m 12.883 ms - 313[0m
[0mGET /api/bookings/user/6a71828262bcc627b0c23489 [32m200[0m 4.899 ms - 2733[0m
[0mGET /images/profile-male.png [36m304[0m 1.702 ms - -[0m
[0mGET /api/admin/bookings [32m200[0m 13.427 ms - 24883[0m
[0mGET /api/admin/bookings [36m304[0m 7.713 ms - -[0m
[0mGET /api/admin/notifications [32m200[0m 49.428 ms - 502[0m
[0mGET /api/admin/reviews [32m200[0m 13.477 ms - 317199[0m
[0mGET /api/admin/notifications [32m200[0m 16.849 ms - 502[0m
[0mGET /api/admin/reviews [36m304[0m 8.947 ms - -[0m
[0mGET /api/admin/categories [36m304[0m 3.506 ms - -[0m
[0mGET /api/admin/notifications [32m200[0m 8.377 ms - 502[0m
[0mGET /api/admin/categories [36m304[0m 2.064 ms - -[0m
[0mGET /api/admin/reviews [36m304[0m 11.729 ms - -[0m
[0mGET /api/admin/notifications [32m200[0m 17.054 ms - 502[0m
[0mGET /api/admin/reviews [36m304[0m 10.415 ms - -[0m
[0mPOST /api/users/profile-update-request [32m201[0m 9.769 ms - 730[0m
[0mGET /api/users/me [32m200[0m 6.540 ms - 1505[0m
[0mGET /api/users/profile-update-request/me [32m200[0m 4.964 ms - 730[0m
[0mGET /api/admin/users [32m200[0m 16.280 ms - 520674[0m
[0mGET /api/admin/notifications [32m200[0m 23.138 ms - 502[0m
[0mGET /api/admin/users [36m304[0m 13.183 ms - -[0m
[0mGET /images/profile-male.png [36m304[0m 0.936 ms - -[0m
[0mGET /images/profile-female.png [36m304[0m 0.568 ms - -[0m
[0mGET /images/dummy-ghana-card.jpg [36m304[0m 0.178 ms - -[0m
[0mGET /api/admin/notifications [32m200[0m 9.879 ms - 502[0m
[0mGET /api/admin/notifications [32m200[0m 6.553 ms - 502[0m
[0mGET /api/admin/analytics/overview [32m200[0m 41.717 ms - 11882[0m
[0mGET /api/admin/analytics/overview [36m304[0m 21.031 ms - -[0m
[0mGET /api/admin/users [36m304[0m 17.659 ms - -[0m
[0mGET /api/admin/users [36m304[0m 12.235 ms - -[0m
[0mGET /api/admin/notifications [32m200[0m 32.072 ms - 502[0m
[0mGET /images/profile-female.png [36m304[0m 0.507 ms - -[0m
[0mGET /images/dummy-ghana-card.jpg [36m304[0m 0.357 ms - -[0m
[0mGET /images/profile-male.png [36m304[0m 0.536 ms - -[0m
[0mGET /api/admin/profile-update-requests [32m200[0m 5.006 ms - 3020[0m
[0mPATCH /api/admin/profile-update-requests/6a71e6181e72146e3aba5613/review [32m200[0m 15.317 ms - 771[0m
[0mGET /api/admin/profile-update-requests [32m200[0m 7.773 ms - 3061[0m
[0mGET /api/bookings/user/6a708bd0728cc62199cd7659 [32m200[0m 8.359 ms - 6708[0m
[0mGET /api/users/me [32m200[0m 6.812 ms - 1573[0m
[0mGET /api/bookings/user/6a708bd0728cc62199cd7659 [36m304[0m 10.477 ms - -[0m
[0mPUT /api/users/push-token [32m200[0m 8.573 ms - 60[0m
[0mGET /api/users/me [36m304[0m 5.851 ms - -[0m
[0mGET /api/bookings/user/6a708bd0728cc62199cd7659 [36m304[0m 9.144 ms - -[0m
[0mPUT /api/users/push-token [32m200[0m 8.003 ms - 60[0m
[0mGET /api/users/me [36m304[0m 5.314 ms - -[0m
[0mGET /images/dummy-ghana-card.jpg [36m304[0m 0.504 ms - -[0m
[0mGET /images/profile-male.png [36m304[0m 0.923 ms - -[0m
[0mGET /api/admin/users [32m200[0m 17.281 ms - 520742[0m
[0mGET /images/profile-female.png [36m304[0m 0.968 ms - -[0m
[0mGET /api/admin/bookings [36m304[0m 17.140 ms - -[0m
[0mGET /api/admin/notifications [32m200[0m 18.644 ms - 502[0m
[0mGET /api/admin/bookings [36m304[0m 7.729 ms - -[0m
[0mGET /api/admin/reports [36m304[0m 9.733 ms - -[0m
[0mGET /api/admin/notifications [32m200[0m 15.470 ms - 502[0m
[0mGET /api/admin/reports [36m304[0m 5.340 ms - -[0m
[0mGET /api/admin/reviews [36m304[0m 12.877 ms - -[0m
[0mGET /api/admin/notifications [32m200[0m 15.763 ms - 502[0m
[0mGET /api/admin/reviews [36m304[0m 8.863 ms - -[0m
[0mGET /api/admin/categories [36m304[0m 2.872 ms - -[0m
[0mGET /api/admin/notifications [32m200[0m 8.013 ms - 502[0m
[0mGET /api/admin/categories [36m304[0m 2.289 ms - -[0m
[0mGET /api/admin/notifications [32m200[0m 7.792 ms - 502[0m
[0mGET /api/admin/analytics/detailed [32m200[0m 18.995 ms - 735[0m
[0mGET /api/admin/analytics/detailed [32m200[0m 9.630 ms - 735[0m
[0mGET /api/admin/analytics/overview [36m304[0m 39.843 ms - -[0m
[0mGET /api/admin/analytics/overview [36m304[0m 24.116 ms - -[0m
[0mGET /api/admin/notifications [32m200[0m 59.535 ms - 502[0m
[0mGET /api/admin/notifications [32m200[0m 3.587 ms - 502[0m
[0mGET /api/admin/analytics/overview [36m304[0m 369.898 ms - -[0m
[0mGET /api/admin/analytics/overview [36m304[0m 33.129 ms - -[0m
[0mGET /api/admin/users [36m304[0m 23.334 ms - -[0m
[0mGET /api/admin/users [36m304[0m 11.256 ms - -[0m
[0mGET /api/admin/notifications [32m200[0m 36.234 ms - 502[0m
[0mGET /images/profile-male.png [36m304[0m 0.581 ms - -[0m
[0mGET /images/profile-female.png [36m304[0m 0.472 ms - -[0m
[0mGET /images/dummy-ghana-card.jpg [36m304[0m 0.195 ms - -[0m
[0mGET /api/admin/users [36m304[0m 17.404 ms - -[0m
[0mGET /api/admin/users [36m304[0m 12.842 ms - -[0m
[0mGET /api/admin/notifications [32m200[0m 30.180 ms - 502[0m
[0mGET /api/admin/notifications [32m200[0m 10.360 ms - 502[0m
[0mGET /api/admin/reports [36m304[0m 13.128 ms - -[0m
[0mGET /api/admin/reports [36m304[0m 6.240 ms - -[0m
[0mGET /api/admin/reviews [36m304[0m 13.738 ms - -[0m
[0mGET /api/admin/notifications [32m200[0m 16.560 ms - 502[0m
[0mGET /api/admin/reviews [36m304[0m 9.174 ms - -[0m
[0mGET /api/admin/notifications [32m200[0m 6.358 ms - 502[0m
[0mGET /api/admin/analytics/detailed [32m200[0m 12.463 ms - 735[0m
[0mGET /api/admin/analytics/detailed [36m304[0m 6.998 ms - -[0m
[0mGET /api/admin/analytics/overview [36m304[0m 25.775 ms - -[0m
[0mGET /api/admin/analytics/overview [36m304[0m 21.961 ms - -[0m
[0mGET /api/admin/logs [32m200[0m 2.249 ms - 2308[0m
[0mGET /api/admin/notifications [32m200[0m 8.840 ms - 502[0m
[0mGET /api/admin/logs [36m304[0m 2.469 ms - -[0m
[0mGET /api/admin/administrators [36m304[0m 6.117 ms - -[0m
[0mGET /api/admin/notifications [32m200[0m 12.606 ms - 502[0m
[0mGET /api/admin/administrators [36m304[0m 3.605 ms - -[0m
[0mGET /api/admin/system-status [32m200[0m 0.804 ms - 252[0m
[0mGET /api/admin/settings [36m304[0m 4.984 ms - -[0m
[0mGET /api/admin/system-status [32m200[0m 0.313 ms - 252[0m
[0mGET /api/admin/settings [36m304[0m 0.861 ms - -[0m
[0mGET /api/admin/notifications [32m200[0m 12.352 ms - 502[0m
[0mGET /api/admin/bookings [36m304[0m 10.323 ms - -[0m
[0mGET /api/admin/notifications [32m200[0m 15.748 ms - 502[0m
[0mGET /api/admin/bookings [36m304[0m 9.089 ms - -[0m
[0mGET /api/admin/users [36m304[0m 15.301 ms - -[0m
[0mGET /api/admin/notifications [32m200[0m 20.460 ms - 502[0m
[0mGET /api/admin/users [36m304[0m 13.637 ms - -[0m
[0mGET /images/profile-female.png [36m304[0m 0.735 ms - -[0m
[0mGET /images/dummy-ghana-card.jpg [36m304[0m 0.586 ms - -[0m
[0mGET /images/profile-male.png [36m304[0m 0.091 ms - -[0m
[0mGET /api/admin/users [36m304[0m 14.081 ms - -[0m
[0mGET /api/admin/users [36m304[0m 11.960 ms - -[0m
[0mGET /api/admin/notifications [32m200[0m 27.579 ms - 502[0m
[2026-08-04T14:52:15.458Z]  @firebase/database: FIREBASE WARNING: {"code":"app/invalid-credential","message":"Credential implementation provided to initializeApp() via the \"credential\" property failed to fetch a valid Google OAuth2 access token with the following error: \"request to https://oauth2.googleapis.com/token failed, reason: getaddrinfo ENOTFOUND oauth2.googleapis.com\"."} 
[2026-08-04T14:52:36.309Z]  @firebase/database: FIREBASE WARNING: {"code":"app/invalid-credential","message":"Credential implementation provided to initializeApp() via the \"credential\" property failed to fetch a valid Google OAuth2 access token with the following error: \"request to https://oauth2.googleapis.com/token failed, reason: getaddrinfo ENOTFOUND oauth2.googleapis.com\"."} 
[2026-08-04T15:47:18.176Z]  @firebase/database: FIREBASE WARNING: {"code":"app/invalid-credential","message":"Credential implementation provided to initializeApp() via the \"credential\" property failed to fetch a valid Google OAuth2 access token with the following error: \"request to https://oauth2.googleapis.com/token failed, reason: getaddrinfo ENOTFOUND oauth2.googleapis.com\"."} 
[2026-08-04T15:57:48.492Z]  @firebase/database: FIREBASE WARNING: {"code":"app/invalid-credential","message":"Credential implementation provided to initializeApp() via the \"credential\" property failed to fetch a valid Google OAuth2 access token with the following error: \"request to https://oauth2.googleapis.com/token failed, reason: getaddrinfo ENOTFOUND oauth2.googleapis.com\"."} 
[2026-08-04T16:15:52.469Z]  @firebase/database: FIREBASE WARNING: {"code":"app/invalid-credential","message":"Credential implementation provided to initializeApp() via the \"credential\" property failed to fetch a valid Google OAuth2 access token with the following error: \"request to https://oauth2.googleapis.com/token failed, reason: getaddrinfo ENOTFOUND oauth2.googleapis.com\"."} 
[2026-08-04T16:31:40.445Z]  @firebase/database: FIREBASE WARNING: {"code":"app/invalid-credential","message":"Credential implementation provided to initializeApp() via the \"credential\" property failed to fetch a valid Google OAuth2 access token with the following error: \"request to https://oauth2.googleapis.com/token failed, reason: getaddrinfo ENOTFOUND oauth2.googleapis.com\"."} 
[2026-08-04T16:42:56.719Z]  @firebase/database: FIREBASE WARNING: {"code":"app/invalid-credential","message":"Credential implementation provided to initializeApp() via the \"credential\" property failed to fetch a valid Google OAuth2 access token with the following error: \"request to https://oauth2.googleapis.com/token failed, reason: getaddrinfo ENOTFOUND oauth2.googleapis.com\"."} 
[2026-08-04T16:44:06.984Z]  @firebase/database: FIREBASE WARNING: {"code":"app/invalid-credential","message":"Credential implementation provided to initializeApp() via the \"credential\" property failed to fetch a valid Google OAuth2 access token with the following error: \"request to https://oauth2.googleapis.com/token failed, reason: getaddrinfo ENOTFOUND oauth2.googleapis.com\"."} 
[2026-08-04T22:48:35.119Z]  @firebase/database: FIREBASE WARNING: {"code":"app/invalid-credential","message":"Credential implementation provided to initializeApp() via the \"credential\" property failed to fetch a valid Google OAuth2 access token with the following error: \"request to https://oauth2.googleapis.com/token failed, reason: getaddrinfo ENOTFOUND oauth2.googleapis.com\"."} 
[2026-08-04T23:45:19.584Z]  @firebase/database: FIREBASE WARNING: {"code":"app/invalid-credential","message":"Credential implementation provided to initializeApp() via the \"credential\" property failed to fetch a valid Google OAuth2 access token with the following error: \"request to https://oauth2.googleapis.com/token failed, reason: getaddrinfo ENOTFOUND oauth2.googleapis.com\"."} 
[2026-08-04T23:45:20.769Z]  @firebase/database: FIREBASE WARNING: {"code":"app/invalid-credential","message":"Credential implementation provided to initializeApp() via the \"credential\" property failed to fetch a valid Google OAuth2 access token with the following error: \"request to https://oauth2.googleapis.com/token failed, reason: getaddrinfo ENOTFOUND oauth2.googleapis.com\"."} 
[2026-08-04T23:45:22.051Z]  @firebase/database: FIREBASE WARNING: {"code":"app/invalid-credential","message":"Credential implementation provided to initializeApp() via the \"credential\" property failed to fetch a valid Google OAuth2 access token with the following error: \"request to https://oauth2.googleapis.com/token failed, reason: getaddrinfo ENOTFOUND oauth2.googleapis.com\"."} 
[2026-08-04T23:45:23.419Z]  @firebase/database: FIREBASE WARNING: {"code":"app/invalid-credential","message":"Credential implementation provided to initializeApp() via the \"credential\" property failed to fetch a valid Google OAuth2 access token with the following error: \"request to https://oauth2.googleapis.com/token failed, reason: getaddrinfo ENOTFOUND oauth2.googleapis.com\"."} 
[2026-08-04T23:45:25.880Z]  @firebase/database: FIREBASE WARNING: {"code":"app/invalid-credential","message":"Credential implementation provided to initializeApp() via the \"credential\" property failed to fetch a valid Google OAuth2 access token with the following error: \"request to https://oauth2.googleapis.com/token failed, reason: getaddrinfo ENOTFOUND oauth2.googleapis.com\"."} 
[2026-08-04T23:45:28.521Z]  @firebase/database: FIREBASE WARNING: {"code":"app/invalid-credential","message":"Credential implementation provided to initializeApp() via the \"credential\" property failed to fetch a valid Google OAuth2 access token with the following error: \"request to https://oauth2.googleapis.com/token failed, reason: getaddrinfo ENOTFOUND oauth2.googleapis.com\"."} 
[2026-08-04T23:45:30.790Z]  @firebase/database: FIREBASE WARNING: {"code":"app/invalid-credential","message":"Credential implementation provided to initializeApp() via the \"credential\" property failed to fetch a valid Google OAuth2 access token with the following error: \"request to https://oauth2.googleapis.com/token failed, reason: getaddrinfo ENOTFOUND oauth2.googleapis.com\"."} 
[2026-08-04T23:45:33.349Z]  @firebase/database: FIREBASE WARNING: {"code":"app/invalid-credential","message":"Credential implementation provided to initializeApp() via the \"credential\" property failed to fetch a valid Google OAuth2 access token with the following error: \"request to https://oauth2.googleapis.com/token failed, reason: getaddrinfo ENOTFOUND oauth2.googleapis.com\"."} 
[2026-08-04T23:45:39.117Z]  @firebase/database: FIREBASE WARNING: {"code":"app/invalid-credential","message":"Credential implementation provided to initializeApp() via the \"credential\" property failed to fetch a valid Google OAuth2 access token with the following error: \"request to https://oauth2.googleapis.com/token failed, reason: getaddrinfo ENOTFOUND oauth2.googleapis.com\"."} 
[2026-08-04T23:46:41.956Z]  @firebase/database: FIREBASE WARNING: {"code":"app/invalid-credential","message":"Credential implementation provided to initializeApp() via the \"credential\" property failed to fetch a valid Google OAuth2 access token with the following error: \"request to https://oauth2.googleapis.com/token failed, reason: getaddrinfo ENOTFOUND oauth2.googleapis.com\"."} 
[2026-08-04T23:46:42.592Z]  @firebase/database: FIREBASE WARNING: {"code":"app/invalid-credential","message":"Credential implementation provided to initializeApp() via the \"credential\" property failed to fetch a valid Google OAuth2 access token with the following error: \"request to https://oauth2.googleapis.com/token failed, reason: getaddrinfo ENOTFOUND oauth2.googleapis.com\"."} 
[2026-08-04T23:46:50.286Z]  @firebase/database: FIREBASE WARNING: {"code":"app/invalid-credential","message":"Credential implementation provided to initializeApp() via the \"credential\" property failed to fetch a valid Google OAuth2 access token with the following error: \"request to https://oauth2.googleapis.com/token failed, reason: getaddrinfo ENOTFOUND oauth2.googleapis.com\"."} 
[2026-08-04T23:46:52.679Z]  @firebase/database: FIREBASE WARNING: {"code":"app/invalid-credential","message":"Credential implementation provided to initializeApp() via the \"credential\" property failed to fetch a valid Google OAuth2 access token with the following error: \"request to https://oauth2.googleapis.com/token failed, reason: getaddrinfo ENOTFOUND oauth2.googleapis.com\"."} 
[2026-08-05T00:47:51.473Z]  @firebase/database: FIREBASE WARNING: {"code":"app/invalid-credential","message":"Credential implementation provided to initializeApp() via the \"credential\" property failed to fetch a valid Google OAuth2 access token with the following error: \"request to https://oauth2.googleapis.com/token failed, reason: getaddrinfo ENOTFOUND oauth2.googleapis.com\"."} 
[2026-08-05T00:48:50.784Z]  @firebase/database: FIREBASE WARNING: {"code":"app/invalid-credential","message":"Credential implementation provided to initializeApp() via the \"credential\" property failed to fetch a valid Google OAuth2 access token with the following error: \"request to https://oauth2.googleapis.com/token failed, reason: getaddrinfo ENOTFOUND oauth2.googleapis.com\"."} 
[2026-08-05T00:49:06.505Z]  @firebase/database: FIREBASE WARNING: {"code":"app/invalid-credential","message":"Credential implementation provided to initializeApp() via the \"credential\" property failed to fetch a valid Google OAuth2 access token with the following error: \"request to https://oauth2.googleapis.com/token failed, reason: getaddrinfo ENOTFOUND oauth2.googleapis.com\"."} 
[2026-08-05T00:49:26.100Z]  @firebase/database: FIREBASE WARNING: {"code":"app/invalid-credential","message":"Credential implementation provided to initializeApp() via the \"credential\" property failed to fetch a valid Google OAuth2 access token with the following error: \"request to https://oauth2.googleapis.com/token failed, reason: getaddrinfo ENOTFOUND oauth2.googleapis.com\"."} 
[2026-08-05T00:49:26.959Z]  @firebase/database: FIREBASE WARNING: {"code":"app/invalid-credential","message":"Credential implementation provided to initializeApp() via the \"credential\" property failed to fetch a valid Google OAuth2 access token with the following error: \"request to https://oauth2.googleapis.com/token failed, reason: getaddrinfo ENOTFOUND oauth2.googleapis.com\"."} 
[2026-08-05T01:05:11.464Z]  @firebase/database: FIREBASE WARNING: {"code":"app/invalid-credential","message":"Credential implementation provided to initializeApp() via the \"credential\" property failed to fetch a valid Google OAuth2 access token with the following error: \"request to https://oauth2.googleapis.com/token failed, reason: getaddrinfo ENOTFOUND oauth2.googleapis.com\"."} 
[2026-08-05T01:06:56.870Z]  @firebase/database: FIREBASE WARNING: {"code":"app/invalid-credential","message":"Credential implementation provided to initializeApp() via the \"credential\" property failed to fetch a valid Google OAuth2 access token with the following error: \"request to https://oauth2.googleapis.com/token failed, reason: getaddrinfo ENOTFOUND oauth2.googleapis.com\"."} 
[2026-08-05T01:07:06.365Z]  @firebase/database: FIREBASE WARNING: {"code":"app/invalid-credential","message":"Credential implementation provided to initializeApp() via the \"credential\" property failed to fetch a valid Google OAuth2 access token with the following error: \"request to https://oauth2.googleapis.com/token failed, reason: getaddrinfo ENOTFOUND oauth2.googleapis.com\"."} 
[2026-08-05T04:26:45.698Z]  @firebase/database: FIREBASE WARNING: {"code":"app/invalid-credential","message":"Credential implementation provided to initializeApp() via the \"credential\" property failed to fetch a valid Google OAuth2 access token with the following error: \"request to https://oauth2.googleapis.com/token failed, reason: getaddrinfo ENOTFOUND oauth2.googleapis.com\"."} 
[2026-08-05T08:33:13.278Z]  @firebase/database: FIREBASE WARNING: {"code":"app/invalid-credential","message":"Credential implementation provided to initializeApp() via the \"credential\" property failed to fetch a valid Google OAuth2 access token with the following error: \"request to https://oauth2.googleapis.com/token failed, reason: getaddrinfo ENOTFOUND oauth2.googleapis.com\"."} 
[2026-08-05T08:33:13.909Z]  @firebase/database: FIREBASE WARNING: {"code":"app/invalid-credential","message":"Credential implementation provided to initializeApp() via the \"credential\" property failed to fetch a valid Google OAuth2 access token with the following error: \"request to https://oauth2.googleapis.com/token failed, reason: getaddrinfo ENOTFOUND oauth2.googleapis.com\"."} 
[2026-08-05T08:33:14.529Z]  @firebase/database: FIREBASE WARNING: {"code":"app/invalid-credential","message":"Credential implementation provided to initializeApp() via the \"credential\" property failed to fetch a valid Google OAuth2 access token with the following error: \"request to https://oauth2.googleapis.com/token failed, reason: getaddrinfo ENOTFOUND oauth2.googleapis.com\"."} 
[2026-08-05T08:33:16.008Z]  @firebase/database: FIREBASE WARNING: {"code":"app/invalid-credential","message":"Credential implementation provided to initializeApp() via the \"credential\" property failed to fetch a valid Google OAuth2 access token with the following error: \"request to https://oauth2.googleapis.com/token failed, reason: getaddrinfo ENOTFOUND oauth2.googleapis.com\"."} 
[2026-08-05T08:33:18.347Z]  @firebase/database: FIREBASE WARNING: {"code":"app/invalid-credential","message":"Credential implementation provided to initializeApp() via the \"credential\" property failed to fetch a valid Google OAuth2 access token with the following error: \"request to https://oauth2.googleapis.com/token failed, reason: getaddrinfo ENOTFOUND oauth2.googleapis.com\"."} 
[2026-08-05T10:28:14.649Z]  @firebase/database: FIREBASE WARNING: {"code":"app/invalid-credential","message":"Credential implementation provided to initializeApp() via the \"credential\" property failed to fetch a valid Google OAuth2 access token with the following error: \"request to https://oauth2.googleapis.com/token failed, reason: getaddrinfo ENOTFOUND oauth2.googleapis.com\"."} 
[2026-08-05T10:28:15.288Z]  @firebase/database: FIREBASE WARNING: {"code":"app/invalid-credential","message":"Credential implementation provided to initializeApp() via the \"credential\" property failed to fetch a valid Google OAuth2 access token with the following error: \"request to https://oauth2.googleapis.com/token failed, reason: getaddrinfo ENOTFOUND oauth2.googleapis.com\"."} 
[2026-08-05T10:28:16.297Z]  @firebase/database: FIREBASE WARNING: {"code":"app/invalid-credential","message":"Credential implementation provided to initializeApp() via the \"credential\" property failed to fetch a valid Google OAuth2 access token with the following error: \"request to https://oauth2.googleapis.com/token failed, reason: getaddrinfo ENOTFOUND oauth2.googleapis.com\"."} 
[2026-08-05T10:28:17.043Z]  @firebase/database: FIREBASE WARNING: {"code":"app/invalid-credential","message":"Credential implementation provided to initializeApp() via the \"credential\" property failed to fetch a valid Google OAuth2 access token with the following error: \"request to https://oauth2.googleapis.com/token failed, reason: getaddrinfo ENOTFOUND oauth2.googleapis.com\"."} 
[2026-08-05T13:37:04.318Z]  @firebase/database: FIREBASE WARNING: {"code":"app/invalid-credential","message":"Credential implementation provided to initializeApp() via the \"credential\" property failed to fetch a valid Google OAuth2 access token with the following error: \"request to https://oauth2.googleapis.com/token failed, reason: getaddrinfo ENOTFOUND oauth2.googleapis.com\"."} 
[2026-08-05T13:37:05.402Z]  @firebase/database: FIREBASE WARNING: {"code":"app/invalid-credential","message":"Credential implementation provided to initializeApp() via the \"credential\" property failed to fetch a valid Google OAuth2 access token with the following error: \"request to https://oauth2.googleapis.com/token failed, reason: getaddrinfo ENOTFOUND oauth2.googleapis.com\"."} 
[2026-08-05T13:37:06.392Z]  @firebase/database: FIREBASE WARNING: {"code":"app/invalid-credential","message":"Credential implementation provided to initializeApp() via the \"credential\" property failed to fetch a valid Google OAuth2 access token with the following error: \"request to https://oauth2.googleapis.com/token failed, reason: getaddrinfo ENOTFOUND oauth2.googleapis.com\"."} 
[2026-08-05T13:37:07.330Z]  @firebase/database: FIREBASE WARNING: {"code":"app/invalid-credential","message":"Credential implementation provided to initializeApp() via the \"credential\" property failed to fetch a valid Google OAuth2 access token with the following error: \"request to https://oauth2.googleapis.com/token failed, reason: getaddrinfo ENOTFOUND oauth2.googleapis.com\"."} 
[2026-08-05T13:37:09.905Z]  @firebase/database: FIREBASE WARNING: {"code":"app/invalid-credential","message":"Credential implementation provided to initializeApp() via the \"credential\" property failed to fetch a valid Google OAuth2 access token with the following error: \"request to https://oauth2.googleapis.com/token failed, reason: getaddrinfo ENOTFOUND oauth2.googleapis.com\"."} 
[2026-08-05T13:37:11.954Z]  @firebase/database: FIREBASE WARNING: {"code":"app/invalid-credential","message":"Credential implementation provided to initializeApp() via the \"credential\" property failed to fetch a valid Google OAuth2 access token with the following error: \"request to https://oauth2.googleapis.com/token failed, reason: getaddrinfo ENOTFOUND oauth2.googleapis.com\"."} 
[2026-08-05T13:37:14.795Z]  @firebase/database: FIREBASE WARNING: {"code":"app/invalid-credential","message":"Credential implementation provided to initializeApp() via the \"credential\" property failed to fetch a valid Google OAuth2 access token with the following error: \"request to https://oauth2.googleapis.com/token failed, reason: getaddrinfo ENOTFOUND oauth2.googleapis.com\"."} 
[2026-08-05T13:37:20.710Z]  @firebase/database: FIREBASE WARNING: {"code":"app/invalid-credential","message":"Credential implementation provided to initializeApp() via the \"credential\" property failed to fetch a valid Google OAuth2 access token with the following error: \"request to https://oauth2.googleapis.com/token failed, reason: getaddrinfo ENOTFOUND oauth2.googleapis.com\"."} 
[2026-08-05T13:37:25.240Z]  @firebase/database: FIREBASE WARNING: {"code":"app/invalid-credential","message":"Credential implementation provided to initializeApp() via the \"credential\" property failed to fetch a valid Google OAuth2 access token with the following error: \"request to https://oauth2.googleapis.com/token failed, reason: getaddrinfo ENOTFOUND oauth2.googleapis.com\"."} 
[2026-08-05T13:37:27.409Z]  @firebase/database: FIREBASE WARNING: {"code":"app/invalid-credential","message":"Credential implementation provided to initializeApp() via the \"credential\" property failed to fetch a valid Google OAuth2 access token with the following error: \"request to https://oauth2.googleapis.com/token failed, reason: getaddrinfo ENOTFOUND oauth2.googleapis.com\"."} 
[2026-08-05T13:37:31.864Z]  @firebase/database: FIREBASE WARNING: {"code":"app/invalid-credential","message":"Credential implementation provided to initializeApp() via the \"credential\" property failed to fetch a valid Google OAuth2 access token with the following error: \"request to https://oauth2.googleapis.com/token failed, reason: getaddrinfo ENOTFOUND oauth2.googleapis.com\"."} 
[2026-08-05T13:37:46.208Z]  @firebase/database: FIREBASE WARNING: {"code":"app/invalid-credential","message":"Credential implementation provided to initializeApp() via the \"credential\" property failed to fetch a valid Google OAuth2 access token with the following error: \"request to https://oauth2.googleapis.com/token failed, reason: getaddrinfo ENOTFOUND oauth2.googleapis.com\"."} 
[2026-08-05T13:38:00.070Z]  @firebase/database: FIREBASE WARNING: {"code":"app/invalid-credential","message":"Credential implementation provided to initializeApp() via the \"credential\" property failed to fetch a valid Google OAuth2 access token with the following error: \"request to https://oauth2.googleapis.com/token failed, reason: getaddrinfo ENOTFOUND oauth2.googleapis.com\"."} 
[2026-08-05T13:38:13.543Z]  @firebase/database: FIREBASE WARNING: {"code":"app/invalid-credential","message":"Credential implementation provided to initializeApp() via the \"credential\" property failed to fetch a valid Google OAuth2 access token with the following error: \"request to https://oauth2.googleapis.com/token failed, reason: getaddrinfo ENOTFOUND oauth2.googleapis.com\"."} 
[2026-08-05T13:38:40.067Z]  @firebase/database: FIREBASE WARNING: {"code":"app/invalid-credential","message":"Credential implementation provided to initializeApp() via the \"credential\" property failed to fetch a valid Google OAuth2 access token with the following error: \"request to https://oauth2.googleapis.com/token failed, reason: getaddrinfo ENOTFOUND oauth2.googleapis.com\"."} 
[2026-08-05T13:38:45.933Z]  @firebase/database: FIREBASE WARNING: {"code":"app/invalid-credential","message":"Credential implementation provided to initializeApp() via the \"credential\" property failed to fetch a valid Google OAuth2 access token with the following error: \"request to https://oauth2.googleapis.com/token failed, reason: getaddrinfo ENOTFOUND oauth2.googleapis.com\"."} 
[2026-08-05T13:39:52.058Z]  @firebase/database: FIREBASE WARNING: {"code":"app/invalid-credential","message":"Credential implementation provided to initializeApp() via the \"credential\" property failed to fetch a valid Google OAuth2 access token with the following error: \"request to https://oauth2.googleapis.com/token failed, reason: getaddrinfo ENOTFOUND oauth2.googleapis.com\"."} 
[2026-08-05T13:40:25.662Z]  @firebase/database: FIREBASE WARNING: {"code":"app/invalid-credential","message":"Credential implementation provided to initializeApp() via the \"credential\" property failed to fetch a valid Google OAuth2 access token with the following error: \"request to https://oauth2.googleapis.com/token failed, reason: getaddrinfo ENOTFOUND oauth2.googleapis.com\"."} 
[2026-08-05T13:41:42.232Z]  @firebase/database: FIREBASE WARNING: {"code":"app/invalid-credential","message":"Credential implementation provided to initializeApp() via the \"credential\" property failed to fetch a valid Google OAuth2 access token with the following error: \"request to https://oauth2.googleapis.com/token failed, reason: getaddrinfo ENOTFOUND oauth2.googleapis.com\"."} 
[2026-08-05T13:43:56.327Z]  @firebase/database: FIREBASE WARNING: {"code":"app/invalid-credential","message":"Credential implementation provided to initializeApp() via the \"credential\" property failed to fetch a valid Google OAuth2 access token with the following error: \"request to https://oauth2.googleapis.com/token failed, reason: getaddrinfo ENOTFOUND oauth2.googleapis.com\"."} 
[2026-08-05T13:45:52.918Z]  @firebase/database: FIREBASE WARNING: {"code":"app/invalid-credential","message":"Credential implementation provided to initializeApp() via the \"credential\" property failed to fetch a valid Google OAuth2 access token with the following error: \"request to https://oauth2.googleapis.com/token failed, reason: getaddrinfo ENOTFOUND oauth2.googleapis.com\"."} 
[2026-08-05T13:46:21.934Z]  @firebase/database: FIREBASE WARNING: {"code":"app/invalid-credential","message":"Credential implementation provided to initializeApp() via the \"credential\" property failed to fetch a valid Google OAuth2 access token with the following error: \"request to https://oauth2.googleapis.com/token failed, reason: getaddrinfo ENOTFOUND oauth2.googleapis.com\"."} 
[2026-08-05T13:48:38.863Z]  @firebase/database: FIREBASE WARNING: {"code":"app/invalid-credential","message":"Credential implementation provided to initializeApp() via the \"credential\" property failed to fetch a valid Google OAuth2 access token with the following error: \"request to https://oauth2.googleapis.com/token failed, reason: getaddrinfo ENOTFOUND oauth2.googleapis.com\"."} 
[2026-08-05T13:49:02.815Z]  @firebase/database: FIREBASE WARNING: {"code":"app/invalid-credential","message":"Credential implementation provided to initializeApp() via the \"credential\" property failed to fetch a valid Google OAuth2 access token with the following error: \"request to https://oauth2.googleapis.com/token failed, reason: getaddrinfo ENOTFOUND oauth2.googleapis.com\"."} 
[2026-08-05T13:49:08.166Z]  @firebase/database: FIREBASE WARNING: {"code":"app/invalid-credential","message":"Credential implementation provided to initializeApp() via the \"credential\" property failed to fetch a valid Google OAuth2 access token with the following error: \"request to https://oauth2.googleapis.com/token failed, reason: getaddrinfo ENOTFOUND oauth2.googleapis.com\"."} 
[2026-08-05T13:50:19.976Z]  @firebase/database: FIREBASE WARNING: {"code":"app/invalid-credential","message":"Credential implementation provided to initializeApp() via the \"credential\" property failed to fetch a valid Google OAuth2 access token with the following error: \"request to https://oauth2.googleapis.com/token failed, reason: getaddrinfo ENOTFOUND oauth2.googleapis.com\"."} 
[2026-08-05T13:51:55.518Z]  @firebase/database: FIREBASE WARNING: {"code":"app/invalid-credential","message":"Credential implementation provided to initializeApp() via the \"credential\" property failed to fetch a valid Google OAuth2 access token with the following error: \"request to https://oauth2.googleapis.com/token failed, reason: getaddrinfo ENOTFOUND oauth2.googleapis.com\"."} 
[2026-08-05T13:53:31.010Z]  @firebase/database: FIREBASE WARNING: {"code":"app/invalid-credential","message":"Credential implementation provided to initializeApp() via the \"credential\" property failed to fetch a valid Google OAuth2 access token with the following error: \"request to https://oauth2.googleapis.com/token failed, reason: getaddrinfo ENOTFOUND oauth2.googleapis.com\"."} 
[2026-08-05T13:56:32.027Z]  @firebase/database: FIREBASE WARNING: {"code":"app/invalid-credential","message":"Credential implementation provided to initializeApp() via the \"credential\" property failed to fetch a valid Google OAuth2 access token with the following error: \"request to https://oauth2.googleapis.com/token failed, reason: getaddrinfo ENOTFOUND oauth2.googleapis.com\"."} 
[2026-08-05T14:01:02.197Z]  @firebase/database: FIREBASE WARNING: {"code":"app/invalid-credential","message":"Credential implementation provided to initializeApp() via the \"credential\" property failed to fetch a valid Google OAuth2 access token with the following error: \"request to https://oauth2.googleapis.com/token failed, reason: getaddrinfo ENOTFOUND oauth2.googleapis.com\"."} 
[2026-08-05T14:04:32.006Z]  @firebase/database: FIREBASE WARNING: {"code":"app/invalid-credential","message":"Credential implementation provided to initializeApp() via the \"credential\" property failed to fetch a valid Google OAuth2 access token with the following error: \"request to https://oauth2.googleapis.com/token failed, reason: getaddrinfo ENOTFOUND oauth2.googleapis.com\"."} 
[2026-08-05T14:06:22.009Z]  @firebase/database: FIREBASE WARNING: {"code":"app/invalid-credential","message":"Credential implementation provided to initializeApp() via the \"credential\" property failed to fetch a valid Google OAuth2 access token with the following error: \"request to https://oauth2.googleapis.com/token failed, reason: getaddrinfo ENOTFOUND oauth2.googleapis.com\"."} 
[2026-08-05T14:07:19.035Z]  @firebase/database: FIREBASE WARNING: {"code":"app/invalid-credential","message":"Credential implementation provided to initializeApp() via the \"credential\" property failed to fetch a valid Google OAuth2 access token with the following error: \"request to https://oauth2.googleapis.com/token failed, reason: getaddrinfo ENOTFOUND oauth2.googleapis.com\"."} 
[2026-08-05T14:08:55.130Z]  @firebase/database: FIREBASE WARNING: {"code":"app/invalid-credential","message":"Credential implementation provided to initializeApp() via the \"credential\" property failed to fetch a valid Google OAuth2 access token with the following error: \"request to https://oauth2.googleapis.com/token failed, reason: getaddrinfo ENOTFOUND oauth2.googleapis.com\"."} 
[2026-08-05T14:12:48.257Z]  @firebase/database: FIREBASE WARNING: {"code":"app/invalid-credential","message":"Credential implementation provided to initializeApp() via the \"credential\" property failed to fetch a valid Google OAuth2 access token with the following error: \"request to https://oauth2.googleapis.com/token failed, reason: getaddrinfo ENOTFOUND oauth2.googleapis.com\"."} 
[2026-08-05T14:15:37.357Z]  @firebase/database: FIREBASE WARNING: {"code":"app/invalid-credential","message":"Credential implementation provided to initializeApp() via the \"credential\" property failed to fetch a valid Google OAuth2 access token with the following error: \"request to https://oauth2.googleapis.com/token failed, reason: getaddrinfo ENOTFOUND oauth2.googleapis.com\"."} 
[2026-08-05T14:16:06.173Z]  @firebase/database: FIREBASE WARNING: {"code":"app/invalid-credential","message":"Credential implementation provided to initializeApp() via the \"credential\" property failed to fetch a valid Google OAuth2 access token with the following error: \"request to https://oauth2.googleapis.com/token failed, reason: getaddrinfo ENOTFOUND oauth2.googleapis.com\"."} 
[2026-08-05T14:16:23.316Z]  @firebase/database: FIREBASE WARNING: {"code":"app/invalid-credential","message":"Credential implementation provided to initializeApp() via the \"credential\" property failed to fetch a valid Google OAuth2 access token with the following error: \"request to https://oauth2.googleapis.com/token failed, reason: getaddrinfo ENOTFOUND oauth2.googleapis.com\"."} 
[2026-08-05T14:20:39.657Z]  @firebase/database: FIREBASE WARNING: {"code":"app/invalid-credential","message":"Credential implementation provided to initializeApp() via the \"credential\" property failed to fetch a valid Google OAuth2 access token with the following error: \"request to https://oauth2.googleapis.com/token failed, reason: getaddrinfo ENOTFOUND oauth2.googleapis.com\"."} 
[2026-08-05T14:25:28.187Z]  @firebase/database: FIREBASE WARNING: {"code":"app/invalid-credential","message":"Credential implementation provided to initializeApp() via the \"credential\" property failed to fetch a valid Google OAuth2 access token with the following error: \"request to https://oauth2.googleapis.com/token failed, reason: getaddrinfo ENOTFOUND oauth2.googleapis.com\"."} 
[2026-08-05T14:26:37.448Z]  @firebase/database: FIREBASE WARNING: {"code":"app/invalid-credential","message":"Credential implementation provided to initializeApp() via the \"credential\" property failed to fetch a valid Google OAuth2 access token with the following error: \"request to https://oauth2.googleapis.com/token failed, reason: getaddrinfo ENOTFOUND oauth2.googleapis.com\"."} 
[2026-08-05T14:28:07.382Z]  @firebase/database: FIREBASE WARNING: {"code":"app/invalid-credential","message":"Credential implementation provided to initializeApp() via the \"credential\" property failed to fetch a valid Google OAuth2 access token with the following error: \"request to https://oauth2.googleapis.com/token failed, reason: getaddrinfo ENOTFOUND oauth2.googleapis.com\"."} 
[2026-08-05T14:31:59.536Z]  @firebase/database: FIREBASE WARNING: {"code":"app/invalid-credential","message":"Credential implementation provided to initializeApp() via the \"credential\" property failed to fetch a valid Google OAuth2 access token with the following error: \"request to https://oauth2.googleapis.com/token failed, reason: getaddrinfo ENOTFOUND oauth2.googleapis.com\"."} 
[2026-08-05T14:34:52.227Z]  @firebase/database: FIREBASE WARNING: {"code":"app/invalid-credential","message":"Credential implementation provided to initializeApp() via the \"credential\" property failed to fetch a valid Google OAuth2 access token with the following error: \"request to https://oauth2.googleapis.com/token failed, reason: getaddrinfo ENOTFOUND oauth2.googleapis.com\"."} 
[2026-08-05T14:35:56.719Z]  @firebase/database: FIREBASE WARNING: {"code":"app/invalid-credential","message":"Credential implementation provided to initializeApp() via the \"credential\" property failed to fetch a valid Google OAuth2 access token with the following error: \"request to https://oauth2.googleapis.com/token failed, reason: getaddrinfo ENOTFOUND oauth2.googleapis.com\"."} 
[2026-08-05T14:40:08.149Z]  @firebase/database: FIREBASE WARNING: {"code":"app/invalid-credential","message":"Credential implementation provided to initializeApp() via the \"credential\" property failed to fetch a valid Google OAuth2 access token with the following error: \"request to https://oauth2.googleapis.com/token failed, reason: getaddrinfo ENOTFOUND oauth2.googleapis.com\"."} 
[2026-08-05T14:41:49.832Z]  @firebase/database: FIREBASE WARNING: {"code":"app/invalid-credential","message":"Credential implementation provided to initializeApp() via the \"credential\" property failed to fetch a valid Google OAuth2 access token with the following error: \"request to https://oauth2.googleapis.com/token failed, reason: getaddrinfo ENOTFOUND oauth2.googleapis.com\"."} 
[2026-08-05T14:42:52.391Z]  @firebase/database: FIREBASE WARNING: {"code":"app/invalid-credential","message":"Credential implementation provided to initializeApp() via the \"credential\" property failed to fetch a valid Google OAuth2 access token with the following error: \"request to https://oauth2.googleapis.com/token failed, reason: getaddrinfo ENOTFOUND oauth2.googleapis.com\"."} 
[2026-08-05T14:46:56.995Z]  @firebase/database: FIREBASE WARNING: {"code":"app/invalid-credential","message":"Credential implementation provided to initializeApp() via the \"credential\" property failed to fetch a valid Google OAuth2 access token with the following error: \"request to https://oauth2.googleapis.com/token failed, reason: getaddrinfo ENOTFOUND oauth2.googleapis.com\"."} 
[2026-08-05T14:50:08.075Z]  @firebase/database: FIREBASE WARNING: {"code":"app/invalid-credential","message":"Credential implementation provided to initializeApp() via the \"credential\" property failed to fetch a valid Google OAuth2 access token with the following error: \"request to https://oauth2.googleapis.com/token failed, reason: getaddrinfo ENOTFOUND oauth2.googleapis.com\"."} 
[2026-08-05T14:53:55.038Z]  @firebase/database: FIREBASE WARNING: {"code":"app/invalid-credential","message":"Credential implementation provided to initializeApp() via the \"credential\" property failed to fetch a valid Google OAuth2 access token with the following error: \"request to https://oauth2.googleapis.com/token failed, reason: getaddrinfo ENOTFOUND oauth2.googleapis.com\"."} 
[2026-08-05T14:54:29.904Z]  @firebase/database: FIREBASE WARNING: {"code":"app/invalid-credential","message":"Credential implementation provided to initializeApp() via the \"credential\" property failed to fetch a valid Google OAuth2 access token with the following error: \"request to https://oauth2.googleapis.com/token failed, reason: getaddrinfo ENOTFOUND oauth2.googleapis.com\"."} 
[2026-08-05T14:56:07.190Z]  @firebase/database: FIREBASE WARNING: {"code":"app/invalid-credential","message":"Credential implementation provided to initializeApp() via the \"credential\" property failed to fetch a valid Google OAuth2 access token with the following error: \"request to https://oauth2.googleapis.com/token failed, reason: getaddrinfo ENOTFOUND oauth2.googleapis.com\"."} 
[2026-08-05T14:56:34.043Z]  @firebase/database: FIREBASE WARNING: {"code":"app/invalid-credential","message":"Credential implementation provided to initializeApp() via the \"credential\" property failed to fetch a valid Google OAuth2 access token with the following error: \"request to https://oauth2.googleapis.com/token failed, reason: getaddrinfo ENOTFOUND oauth2.googleapis.com\"."} 
[2026-08-05T14:57:33.274Z]  @firebase/database: FIREBASE WARNING: {"code":"app/invalid-credential","message":"Credential implementation provided to initializeApp() via the \"credential\" property failed to fetch a valid Google OAuth2 access token with the following error: \"request to https://oauth2.googleapis.com/token failed, reason: getaddrinfo ENOTFOUND oauth2.googleapis.com\"."} 
[2026-08-05T15:01:24.370Z]  @firebase/database: FIREBASE WARNING: {"code":"app/invalid-credential","message":"Credential implementation provided to initializeApp() via the \"credential\" property failed to fetch a valid Google OAuth2 access token with the following error: \"request to https://oauth2.googleapis.com/token failed, reason: getaddrinfo ENOTFOUND oauth2.googleapis.com\"."} 
[2026-08-05T15:04:55.168Z]  @firebase/database: FIREBASE WARNING: {"code":"app/invalid-credential","message":"Credential implementation provided to initializeApp() via the \"credential\" property failed to fetch a valid Google OAuth2 access token with the following error: \"request to https://oauth2.googleapis.com/token failed, reason: getaddrinfo ENOTFOUND oauth2.googleapis.com\"."} 
[2026-08-05T15:08:36.464Z]  @firebase/database: FIREBASE WARNING: {"code":"app/invalid-credential","message":"Credential implementation provided to initializeApp() via the \"credential\" property failed to fetch a valid Google OAuth2 access token with the following error: \"request to https://oauth2.googleapis.com/token failed, reason: getaddrinfo ENOTFOUND oauth2.googleapis.com\"."} 
[2026-08-05T15:10:04.852Z]  @firebase/database: FIREBASE WARNING: {"code":"app/invalid-credential","message":"Credential implementation provided to initializeApp() via the \"credential\" property failed to fetch a valid Google OAuth2 access token with the following error: \"request to https://oauth2.googleapis.com/token failed, reason: getaddrinfo ENOTFOUND oauth2.googleapis.com\"."} 
[2026-08-05T15:10:58.376Z]  @firebase/database: FIREBASE WARNING: {"code":"app/invalid-credential","message":"Credential implementation provided to initializeApp() via the \"credential\" property failed to fetch a valid Google OAuth2 access token with the following error: \"request to https://oauth2.googleapis.com/token failed, reason: getaddrinfo ENOTFOUND oauth2.googleapis.com\"."} 
[2026-08-05T15:12:38.970Z]  @firebase/database: FIREBASE WARNING: {"code":"app/invalid-credential","message":"Credential implementation provided to initializeApp() via the \"credential\" property failed to fetch a valid Google OAuth2 access token with the following error: \"request to https://oauth2.googleapis.com/token failed, reason: getaddrinfo ENOTFOUND oauth2.googleapis.com\"."} 
[2026-08-05T15:17:03.233Z]  @firebase/database: FIREBASE WARNING: {"code":"app/invalid-credential","message":"Credential implementation provided to initializeApp() via the \"credential\" property failed to fetch a valid Google OAuth2 access token with the following error: \"request to https://oauth2.googleapis.com/token failed, reason: getaddrinfo ENOTFOUND oauth2.googleapis.com\"."} 
[2026-08-05T15:20:45.550Z]  @firebase/database: FIREBASE WARNING: {"code":"app/invalid-credential","message":"Credential implementation provided to initializeApp() via the \"credential\" property failed to fetch a valid Google OAuth2 access token with the following error: \"request to https://oauth2.googleapis.com/token failed, reason: getaddrinfo ENOTFOUND oauth2.googleapis.com\"."} 
[2026-08-05T15:24:57.604Z]  @firebase/database: FIREBASE WARNING: {"code":"app/invalid-credential","message":"Credential implementation provided to initializeApp() via the \"credential\" property failed to fetch a valid Google OAuth2 access token with the following error: \"request to https://oauth2.googleapis.com/token failed, reason: getaddrinfo ENOTFOUND oauth2.googleapis.com\"."} 
[2026-08-05T15:26:13.029Z]  @firebase/database: FIREBASE WARNING: {"code":"app/invalid-credential","message":"Credential implementation provided to initializeApp() via the \"credential\" property failed to fetch a valid Google OAuth2 access token with the following error: \"request to https://oauth2.googleapis.com/token failed, reason: getaddrinfo ENOTFOUND oauth2.googleapis.com\"."} 
[2026-08-05T15:29:01.983Z]  @firebase/database: FIREBASE WARNING: {"code":"app/invalid-credential","message":"Credential implementation provided to initializeApp() via the \"credential\" property failed to fetch a valid Google OAuth2 access token with the following error: \"request to https://oauth2.googleapis.com/token failed, reason: getaddrinfo ENOTFOUND oauth2.googleapis.com\"."} 
[2026-08-05T15:30:23.143Z]  @firebase/database: FIREBASE WARNING: {"code":"app/invalid-credential","message":"Credential implementation provided to initializeApp() via the \"credential\" property failed to fetch a valid Google OAuth2 access token with the following error: \"request to https://oauth2.googleapis.com/token failed, reason: getaddrinfo ENOTFOUND oauth2.googleapis.com\"."} 
[2026-08-05T15:30:55.774Z]  @firebase/database: FIREBASE WARNING: {"code":"app/invalid-credential","message":"Credential implementation provided to initializeApp() via the \"credential\" property failed to fetch a valid Google OAuth2 access token with the following error: \"request to https://oauth2.googleapis.com/token failed, reason: getaddrinfo ENOTFOUND oauth2.googleapis.com\"."} 
[2026-08-05T15:31:51.519Z]  @firebase/database: FIREBASE WARNING: {"code":"app/invalid-credential","message":"Credential implementation provided to initializeApp() via the \"credential\" property failed to fetch a valid Google OAuth2 access token with the following error: \"request to https://oauth2.googleapis.com/token failed, reason: getaddrinfo ENOTFOUND oauth2.googleapis.com\"."} 
[2026-08-05T15:36:37.434Z]  @firebase/database: FIREBASE WARNING: {"code":"app/invalid-credential","message":"Credential implementation provided to initializeApp() via the \"credential\" property failed to fetch a valid Google OAuth2 access token with the following error: \"request to https://oauth2.googleapis.com/token failed, reason: getaddrinfo ENOTFOUND oauth2.googleapis.com\"."} 
[2026-08-05T15:38:54.349Z]  @firebase/database: FIREBASE WARNING: {"code":"app/invalid-credential","message":"Credential implementation provided to initializeApp() via the \"credential\" property failed to fetch a valid Google OAuth2 access token with the following error: \"request to https://oauth2.googleapis.com/token failed, reason: getaddrinfo ENOTFOUND oauth2.googleapis.com\"."} 
[2026-08-05T15:39:33.490Z]  @firebase/database: FIREBASE WARNING: {"code":"app/invalid-credential","message":"Credential implementation provided to initializeApp() via the \"credential\" property failed to fetch a valid Google OAuth2 access token with the following error: \"request to https://oauth2.googleapis.com/token failed, reason: getaddrinfo ENOTFOUND oauth2.googleapis.com\"."} 
[2026-08-05T15:43:42.695Z]  @firebase/database: FIREBASE WARNING: {"code":"app/invalid-credential","message":"Credential implementation provided to initializeApp() via the \"credential\" property failed to fetch a valid Google OAuth2 access token with the following error: \"request to https://oauth2.googleapis.com/token failed, reason: getaddrinfo ENOTFOUND oauth2.googleapis.com\"."} 
[2026-08-05T15:46:09.885Z]  @firebase/database: FIREBASE WARNING: {"code":"app/invalid-credential","message":"Credential implementation provided to initializeApp() via the \"credential\" property failed to fetch a valid Google OAuth2 access token with the following error: \"request to https://oauth2.googleapis.com/token failed, reason: getaddrinfo ENOTFOUND oauth2.googleapis.com\"."} 
[2026-08-05T15:48:33.854Z]  @firebase/database: FIREBASE WARNING: {"code":"app/invalid-credential","message":"Credential implementation provided to initializeApp() via the \"credential\" property failed to fetch a valid Google OAuth2 access token with the following error: \"request to https://oauth2.googleapis.com/token failed, reason: getaddrinfo ENOTFOUND oauth2.googleapis.com\"."} 
[2026-08-05T15:50:34.701Z]  @firebase/database: FIREBASE WARNING: {"code":"app/invalid-credential","message":"Credential implementation provided to initializeApp() via the \"credential\" property failed to fetch a valid Google OAuth2 access token with the following error: \"request to https://oauth2.googleapis.com/token failed, reason: getaddrinfo ENOTFOUND oauth2.googleapis.com\"."} 
[2026-08-05T15:54:14.222Z]  @firebase/database: FIREBASE WARNING: {"code":"app/invalid-credential","message":"Credential implementation provided to initializeApp() via the \"credential\" property failed to fetch a valid Google OAuth2 access token with the following error: \"request to https://oauth2.googleapis.com/token failed, reason: getaddrinfo ENOTFOUND oauth2.googleapis.com\"."} 
[2026-08-05T15:57:24.678Z]  @firebase/database: FIREBASE WARNING: {"code":"app/invalid-credential","message":"Credential implementation provided to initializeApp() via the \"credential\" property failed to fetch a valid Google OAuth2 access token with the following error: \"request to https://oauth2.googleapis.com/token failed, reason: getaddrinfo ENOTFOUND oauth2.googleapis.com\"."} 
[2026-08-05T16:15:32.633Z]  @firebase/database: FIREBASE WARNING: {"code":"app/invalid-credential","message":"Credential implementation provided to initializeApp() via the \"credential\" property failed to fetch a valid Google OAuth2 access token with the following error: \"request to https://oauth2.googleapis.com/token failed, reason: getaddrinfo ENOTFOUND oauth2.googleapis.com\"."} 
[2026-08-05T16:46:47.351Z]  @firebase/database: FIREBASE WARNING: {"code":"app/invalid-credential","message":"Credential implementation provided to initializeApp() via the \"credential\" property failed to fetch a valid Google OAuth2 access token with the following error: \"request to https://oauth2.googleapis.com/token failed, reason: getaddrinfo ENOTFOUND oauth2.googleapis.com\"."} 
[2026-08-05T16:46:47.970Z]  @firebase/database: FIREBASE WARNING: {"code":"app/invalid-credential","message":"Credential implementation provided to initializeApp() via the \"credential\" property failed to fetch a valid Google OAuth2 access token with the following error: \"request to https://oauth2.googleapis.com/token failed, reason: getaddrinfo ENOTFOUND oauth2.googleapis.com\"."} 
[2026-08-05T16:48:35.221Z]  @firebase/database: FIREBASE WARNING: {"code":"app/invalid-credential","message":"Credential implementation provided to initializeApp() via the \"credential\" property failed to fetch a valid Google OAuth2 access token with the following error: \"request to https://oauth2.googleapis.com/token failed, reason: getaddrinfo ENOTFOUND oauth2.googleapis.com\"."} 
[2026-08-05T16:53:03.005Z]  @firebase/database: FIREBASE WARNING: {"code":"app/invalid-credential","message":"Credential implementation provided to initializeApp() via the \"credential\" property failed to fetch a valid Google OAuth2 access token with the following error: \"request to https://oauth2.googleapis.com/token failed, reason: getaddrinfo ENOTFOUND oauth2.googleapis.com\"."} 
[2026-08-05T16:55:47.787Z]  @firebase/database: FIREBASE WARNING: {"code":"app/invalid-credential","message":"Credential implementation provided to initializeApp() via the \"credential\" property failed to fetch a valid Google OAuth2 access token with the following error: \"request to https://oauth2.googleapis.com/token failed, reason: getaddrinfo ENOTFOUND oauth2.googleapis.com\"."} 
[2026-08-05T16:56:18.062Z]  @firebase/database: FIREBASE WARNING: {"code":"app/invalid-credential","message":"Credential implementation provided to initializeApp() via the \"credential\" property failed to fetch a valid Google OAuth2 access token with the following error: \"request to https://oauth2.googleapis.com/token failed, reason: getaddrinfo ENOTFOUND oauth2.googleapis.com\"."} 
[2026-08-05T17:00:55.240Z]  @firebase/database: FIREBASE WARNING: {"code":"app/invalid-credential","message":"Credential implementation provided to initializeApp() via the \"credential\" property failed to fetch a valid Google OAuth2 access token with the following error: \"request to https://oauth2.googleapis.com/token failed, reason: getaddrinfo ENOTFOUND oauth2.googleapis.com\"."} 
[2026-08-05T17:04:47.825Z]  @firebase/database: FIREBASE WARNING: {"code":"app/invalid-credential","message":"Credential implementation provided to initializeApp() via the \"credential\" property failed to fetch a valid Google OAuth2 access token with the following error: \"request to https://oauth2.googleapis.com/token failed, reason: getaddrinfo ENOTFOUND oauth2.googleapis.com\"."} 
[2026-08-05T20:20:01.946Z]  @firebase/database: FIREBASE WARNING: {"code":"app/invalid-credential","message":"Credential implementation provided to initializeApp() via the \"credential\" property failed to fetch a valid Google OAuth2 access token with the following error: \"request to https://oauth2.googleapis.com/token failed, reason: getaddrinfo ENOTFOUND oauth2.googleapis.com\"."} 
[2026-08-05T20:20:02.948Z]  @firebase/database: FIREBASE WARNING: {"code":"app/invalid-credential","message":"Credential implementation provided to initializeApp() via the \"credential\" property failed to fetch a valid Google OAuth2 access token with the following error: \"request to https://oauth2.googleapis.com/token failed, reason: getaddrinfo ENOTFOUND oauth2.googleapis.com\"."} 
[2026-08-05T22:10:14.996Z]  @firebase/database: FIREBASE WARNING: {"code":"app/invalid-credential","message":"Credential implementation provided to initializeApp() via the \"credential\" property failed to fetch a valid Google OAuth2 access token with the following error: \"request to https://oauth2.googleapis.com/token failed, reason: getaddrinfo ENOTFOUND oauth2.googleapis.com\"."} 
[2026-08-05T23:06:24.866Z]  @firebase/database: FIREBASE WARNING: {"code":"app/invalid-credential","message":"Credential implementation provided to initializeApp() via the \"credential\" property failed to fetch a valid Google OAuth2 access token with the following error: \"request to https://oauth2.googleapis.com/token failed, reason: getaddrinfo ENOTFOUND oauth2.googleapis.com\"."} 
[2026-08-05T23:06:25.527Z]  @firebase/database: FIREBASE WARNING: {"code":"app/invalid-credential","message":"Credential implementation provided to initializeApp() via the \"credential\" property failed to fetch a valid Google OAuth2 access token with the following error: \"request to https://oauth2.googleapis.com/token failed, reason: getaddrinfo ENOTFOUND oauth2.googleapis.com\"."} 
[2026-08-05T23:06:26.296Z]  @firebase/database: FIREBASE WARNING: {"code":"app/invalid-credential","message":"Credential implementation provided to initializeApp() via the \"credential\" property failed to fetch a valid Google OAuth2 access token with the following error: \"request to https://oauth2.googleapis.com/token failed, reason: getaddrinfo ENOTFOUND oauth2.googleapis.com\"."} 
[2026-08-05T23:06:27.812Z]  @firebase/database: FIREBASE WARNING: {"code":"app/invalid-credential","message":"Credential implementation provided to initializeApp() via the \"credential\" property failed to fetch a valid Google OAuth2 access token with the following error: \"request to https://oauth2.googleapis.com/token failed, reason: getaddrinfo ENOTFOUND oauth2.googleapis.com\"."} 
[2026-08-06T07:08:07.362Z]  @firebase/database: FIREBASE WARNING: {"code":"app/invalid-credential","message":"Credential implementation provided to initializeApp() via the \"credential\" property failed to fetch a valid Google OAuth2 access token with the following error: \"request to https://oauth2.googleapis.com/token failed, reason: getaddrinfo ENOTFOUND oauth2.googleapis.com\"."} 
[2026-08-06T08:06:59.374Z]  @firebase/database: FIREBASE WARNING: {"code":"app/invalid-credential","message":"Credential implementation provided to initializeApp() via the \"credential\" property failed to fetch a valid Google OAuth2 access token with the following error: \"request to https://oauth2.googleapis.com/token failed, reason: getaddrinfo ENOTFOUND oauth2.googleapis.com\"."} 
[2026-08-06T08:07:00.285Z]  @firebase/database: FIREBASE WARNING: {"code":"app/invalid-credential","message":"Credential implementation provided to initializeApp() via the \"credential\" property failed to fetch a valid Google OAuth2 access token with the following error: \"request to https://oauth2.googleapis.com/token failed, reason: getaddrinfo ENOTFOUND oauth2.googleapis.com\"."} 
[2026-08-06T12:31:44.837Z]  @firebase/database: FIREBASE WARNING: {"code":"app/invalid-credential","message":"Credential implementation provided to initializeApp() via the \"credential\" property failed to fetch a valid Google OAuth2 access token with the following error: \"request to https://oauth2.googleapis.com/token failed, reason: getaddrinfo ENOTFOUND oauth2.googleapis.com\"."} 
[2026-08-06T13:28:03.219Z]  @firebase/database: FIREBASE WARNING: {"code":"app/invalid-credential","message":"Credential implementation provided to initializeApp() via the \"credential\" property failed to fetch a valid Google OAuth2 access token with the following error: \"request to https://oauth2.googleapis.com/token failed, reason: getaddrinfo ENOTFOUND oauth2.googleapis.com\"."} 
[2026-08-06T22:10:09.325Z]  @firebase/database: FIREBASE WARNING: {"code":"app/invalid-credential","message":"Credential implementation provided to initializeApp() via the \"credential\" property failed to fetch a valid Google OAuth2 access token with the following error: \"request to https://oauth2.googleapis.com/token failed, reason: getaddrinfo ENOTFOUND oauth2.googleapis.com\"."} 
[2026-08-06T22:10:14.185Z]  @firebase/database: FIREBASE WARNING: {"code":"app/invalid-credential","message":"Credential implementation provided to initializeApp() via the \"credential\" property failed to fetch a valid Google OAuth2 access token with the following error: \"request to https://oauth2.googleapis.com/token failed, reason: getaddrinfo ENOTFOUND oauth2.googleapis.com\"."} 
[32m[nodemon] restarting due to changes...[39m
[32m[nodemon] restarting due to changes...[39m
[32m[nodemon] starting `node src/server.js`[39m
◇ injected env (4) from .env // tip: ⌘ enable debugging { debug: true }
Firebase Admin Initialized successfully using serviceAccountKey.json.
Server running in development mode on port 8000
MongoDB Connected: localhost
[0mGET /api/users/me [32m200[0m 437.568 ms - 499678[0m
[0mGET /api/bookings/user/6a71828262bcc627b0c23489 [32m200[0m 146.455 ms - 2733[0m
[0mPUT /api/users/push-token [32m200[0m 15.618 ms - 60[0m
[0mGET /api/users/me [36m304[0m 28.759 ms - -[0m
[0mGET /api/bookings/user/6a71828262bcc627b0c23489 [36m304[0m 13.053 ms - -[0m
[0mGET /api/users/me [36m304[0m 20.084 ms - -[0m
[0mGET /api/users/profile-update-request/me [36m304[0m 18.191 ms - -[0m
[0mGET /api/users/me [36m304[0m 15.031 ms - -[0m
[0mGET /api/bookings/user/6a71828262bcc627b0c23489 [36m304[0m 31.589 ms - -[0m
[0mGET /api/users/me [36m304[0m 47.481 ms - -[0m
[32m[nodemon] restarting due to changes...[39m
[32m[nodemon] starting `node src/server.js`[39m
[32m[nodemon] restarting due to changes...[39m
[32m[nodemon] starting `node src/server.js`[39m
◇ injected env (4) from .env // tip: ◈ secrets for agents [www.dotenvx.com]
Firebase Admin Initialized successfully using serviceAccountKey.json.
Server running in development mode on port 8000
MongoDB Connected: localhost
[0mGET /api/bookings/user/6a71828262bcc627b0c23489 [36m304[0m 386.921 ms - -[0m
[32m[nodemon] restarting due to changes...[39m
[32m[nodemon] starting `node src/server.js`[39m
[32m[nodemon] restarting due to changes...[39m
[32m[nodemon] starting `node src/server.js`[39m
◇ injected env (4) from .env // tip: ⌘ enable debugging { debug: true }
Firebase Admin Initialized successfully using serviceAccountKey.json.
Server running in development mode on port 8000
MongoDB Connected: localhost
[0mGET /api/users/me [36m304[0m 32.762 ms - -[0m
[0mGET /api/users/me [36m304[0m 22.120 ms - -[0m
[0mPUT /api/users/me [32m200[0m 32.709 ms - 499845[0m
[0mPUT /api/users/me [32m200[0m 21.070 ms - 499756[0m
[0mGET /api/bookings/user/6a71828262bcc627b0c23489 [36m304[0m 13.109 ms - -[0m
[0mGET /api/users/me [32m200[0m 17.125 ms - 499678[0m
[0mGET /api/bookings/user/6a71828262bcc627b0c23489 [36m304[0m 11.822 ms - -[0m
[0mGET /api/users/me [36m304[0m 18.714 ms - -[0m
[0mGET /api/bookings/user/6a71828262bcc627b0c23489 [36m304[0m 12.194 ms - -[0m
[0mGET /api/users/me [36m304[0m 22.614 ms - -[0m
[0mGET /api/users/me [36m304[0m 15.862 ms - -[0m
[0mGET /api/bookings/user/6a71828262bcc627b0c23489 [36m304[0m 7.354 ms - -[0m
[0mPUT /api/users/push-token [32m200[0m 21.092 ms - 60[0m
[0mGET /api/users/me [36m304[0m 17.032 ms - -[0m
[0mGET /api/users/me [36m304[0m 13.730 ms - -[0m
[0mGET /api/bookings/user/6a71828262bcc627b0c23489 [36m304[0m 5.354 ms - -[0m
[0mPUT /api/users/push-token [32m200[0m 18.086 ms - 60[0m
[0mPUT /api/users/me [32m200[0m 14.742 ms - 499755[0m
[0mPUT /api/users/me [32m200[0m 18.824 ms - 499756[0m
[0mPUT /api/users/me [32m200[0m 20.157 ms - 499755[0m
[0mGET /api/users/me [32m200[0m 18.225 ms - 499677[0m
[0mGET /api/bookings/user/6a71828262bcc627b0c23489 [36m304[0m 21.113 ms - -[0m
[0mGET /api/bookings/user/6a71828262bcc627b0c23489 [36m304[0m 10.661 ms - -[0m
[0mGET /api/users/me [36m304[0m 15.899 ms - -[0m
[0mGET /api/users/me [36m304[0m 14.316 ms - -[0m
[0mGET /api/bookings/user/6a71828262bcc627b0c23489 [36m304[0m 6.182 ms - -[0m
[0mPUT /api/users/push-token [32m200[0m 13.712 ms - 60[0m
[0mGET /api/users/me [36m304[0m 15.694 ms - -[0m
[0mGET /api/users/me [36m304[0m 17.127 ms - -[0m
[0mGET /api/bookings/user/6a71828262bcc627b0c23489 [36m304[0m 7.990 ms - -[0m
[0mPUT /api/users/push-token [32m200[0m 12.195 ms - 60[0m
[0mGET /api/users/me [36m304[0m 15.126 ms - -[0m
[0mGET /api/bookings/user/6a71828262bcc627b0c23489 [36m304[0m 5.540 ms - -[0m
[0mGET /api/users/me [36m304[0m 68.660 ms - -[0m
[0mGET /api/users/profile-update-request/me [36m304[0m 58.422 ms - -[0m
[0mGET /api/bookings/user/6a71828262bcc627b0c23489 [36m304[0m 3.971 ms - -[0m
[0mGET /api/bookings/user/6a71828262bcc627b0c23489 [36m304[0m 39.435 ms - -[0m
[0mGET /api/users/me [36m304[0m 15.818 ms - -[0m
[0mPUT /api/users/me [32m200[0m 33.143 ms - 499844[0m
[0mPUT /api/users/me [32m200[0m 23.869 ms - 499843[0m
[0mPUT /api/users/me [32m200[0m 17.966 ms - 499843[0m
[0mGET /api/bookings/user/6a71828262bcc627b0c23489 [36m304[0m 10.673 ms - -[0m
[0mGET /api/users/me [32m200[0m 16.963 ms - 499765[0m
[0mGET /api/users/me [36m304[0m 15.539 ms - -[0m
[0mGET /api/bookings/user/6a71828262bcc627b0c23489 [36m304[0m 20.892 ms - -[0m
[0mPUT /api/users/push-token [32m200[0m 8.981 ms - 60[0m
[0mGET /api/users/me [36m304[0m 16.051 ms - -[0m
[0mGET /api/users/me [36m304[0m 14.293 ms - -[0m
[0mGET /api/bookings/user/6a71828262bcc627b0c23489 [36m304[0m 19.476 ms - -[0m
[0mPUT /api/users/push-token [32m200[0m 17.379 ms - 60[0m
[0mGET /api/bookings/user/6a71828262bcc627b0c23489 [36m304[0m 8.956 ms - -[0m
[0mGET /api/users/me [36m304[0m 14.172 ms - -[0m
[0mGET /api/bookings/user/6a71828262bcc627b0c23489 [36m304[0m 7.574 ms - -[0m
[0mGET /api/users/me [36m304[0m 14.552 ms - -[0m
[0mGET /api/bookings/user/6a71828262bcc627b0c23489 [36m304[0m 8.631 ms - -[0m
[0mGET /api/users/me [36m304[0m 21.020 ms - -[0m
[0mGET /api/bookings/user/6a71828262bcc627b0c23489 [36m304[0m 14.150 ms - -[0m
[0mGET /api/users/me [36m304[0m 18.312 ms - -[0m
[0mGET /api/bookings/user/6a71828262bcc627b0c23489 [36m304[0m 7.537 ms - -[0m
[0mPUT /api/users/push-token [32m200[0m 13.302 ms - 60[0m
[0mGET /api/users/me [36m304[0m 38.140 ms - -[0m
[0mGET /api/users/profile-update-request/me [36m304[0m 38.973 ms - -[0m
[0mGET /api/bookings/user/6a71828262bcc627b0c23489 [36m304[0m 3.778 ms - -[0m
[0mGET /api/users/me [36m304[0m 20.756 ms - -[0m
[0mGET /api/bookings/user/6a71828262bcc627b0c23489 [36m304[0m 10.159 ms - -[0m
[0mGET /api/users/me [36m304[0m 25.403 ms - -[0m
[0mPUT /api/users/me [32m200[0m 27.394 ms - 499849[0m
[0mGET /api/bookings/user/6a71828262bcc627b0c23489 [36m304[0m 37.685 ms - -[0m
[0mGET /api/users/me [32m200[0m 21.261 ms - 499771[0m
[0mGET /api/bookings/user/6a71828262bcc627b0c23489 [36m304[0m 5.365 ms - -[0m
[0mGET /api/users/me [36m304[0m 16.025 ms - -[0m
[0mPUT /api/users/push-token [32m200[0m 10.765 ms - 60[0m
[32m[nodemon] restarting due to changes...[39m
[32m[nodemon] restarting due to changes...[39m
[32m[nodemon] restarting due to changes...[39m
[32m[nodemon] restarting due to changes...[39m
[32m[nodemon] restarting due to changes...[39m
[32m[nodemon] restarting due to changes...[39m
[32m[nodemon] starting `node src/server.js`[39m
◇ injected env (4) from .env // tip: ◈ encrypted .env [www.dotenvx.com]
Firebase Admin Initialized successfully using serviceAccountKey.json.
Server running in development mode on port 8000
MongoDB Connected: localhost
[0mGET /api/users/me [32m200[0m 86.997 ms - 499771[0m
[0mGET /api/bookings/user/6a71828262bcc627b0c23489 [36m304[0m 41.401 ms - -[0m
[0mPUT /api/users/push-token [32m200[0m 12.671 ms - 60[0m
[0mGET /api/users/me [36m304[0m 19.127 ms - -[0m
[0mGET /api/users/profile-update-request/me [36m304[0m 18.446 ms - -[0m
[0mGET /api/bookings/user/6a71828262bcc627b0c23489 [36m304[0m 3.807 ms - -[0m
Login attempt: { email: 'leslietest@artisanhunt.com', password: 'TestPassword' }
Password Match: true
[0mPOST /api/auth/login [32m200[0m 117.298 ms - 313[0m
[0mGET /api/users/me [32m200[0m 11.990 ms - 499771[0m
[0mGET /api/bookings/user/6a71828262bcc627b0c23489 [36m304[0m 4.737 ms - -[0m
[0mPUT /api/users/push-token [32m200[0m 12.674 ms - 60[0m
[0mGET /api/users/me [36m304[0m 18.733 ms - -[0m
[0mGET /api/users/profile-update-request/me [36m304[0m 18.473 ms - -[0m
[0mGET /api/bookings/user/6a71828262bcc627b0c23489 [36m304[0m 3.631 ms - -[0m
Login attempt: { email: 'leslietest@artisanhunt.com', password: 'TestPassword' }
Password Match: true
[0mPOST /api/auth/login [32m200[0m 88.771 ms - 313[0m
[0mGET /api/users/me [32m200[0m 10.564 ms - 499771[0m
[0mGET /api/bookings/user/6a71828262bcc627b0c23489 [32m200[0m 13.499 ms - 2733[0m
[0mGET /api/users/me [36m304[0m 15.963 ms - -[0m
[0mGET /api/users/profile-update-request/me [32m200[0m 15.571 ms - 4[0m
[0mGET /api/bookings/user/6a71828262bcc627b0c23489 [36m304[0m 4.194 ms - -[0m
[0mGET /api/bookings/user/6a71828262bcc627b0c23489 [36m304[0m 8.175 ms - -[0m
[0mGET /api/bookings/user/6a71828262bcc627b0c23489 [36m304[0m 8.748 ms - -[0m
[0mGET /api/users/me [36m304[0m 12.200 ms - -[0m
[0mGET /api/users/me [36m304[0m 13.543 ms - -[0m
[0mGET /api/bookings/user/6a71828262bcc627b0c23489 [36m304[0m 3.713 ms - -[0m
[0mGET /api/users/me [36m304[0m 13.686 ms - -[0m
[0mGET /api/users/me [36m304[0m 16.893 ms - -[0m
[0mGET /api/bookings/user/6a71828262bcc627b0c23489 [36m304[0m 3.612 ms - -[0m
[0mGET /api/users/me [36m304[0m 7.805 ms - -[0m
[0mGET /api/bookings/user/6a71828262bcc627b0c23489 [36m304[0m 3.442 ms - -[0m
[0mGET /api/users/me [36m304[0m 19.493 ms - -[0m
[0mGET /api/bookings/user/6a71828262bcc627b0c23489 [36m304[0m 9.476 ms - -[0m
[0mGET /api/users/me [36m304[0m 16.931 ms - -[0m
[0mGET /api/bookings/user/6a71828262bcc627b0c23489 [36m304[0m 3.589 ms - -[0m
[0mGET /api/users/me [36m304[0m 18.693 ms - -[0m
[0mGET /api/users/me [36m304[0m 18.168 ms - -[0m
[0mGET /api/bookings/user/6a71828262bcc627b0c23489 [36m304[0m 6.650 ms - -[0m
Login attempt: { email: 'client8@test.com', password: 'ClientPass8!' }
Password Match: true
[0mPOST /api/auth/login [32m200[0m 70.391 ms - 304[0m
[0mGET /api/users/me [32m200[0m 5.401 ms - 766[0m
[0mGET /api/categories/active [33m404[0m 1.831 ms - 160[0m
[0mGET /api/bookings/user/6a708bd2728cc62199cd7675 [32m200[0m 10.538 ms - 1325[0m
[0mGET /api/users/providers?region=Kumasi [32m200[0m 15.507 ms - 14819[0m
[0mGET /api/bookings/user/6a708bd2728cc62199cd7675 [36m304[0m 2.096 ms - -[0m
[0mPUT /api/users/push-token [32m200[0m 9.107 ms - 60[0m
[0mGET /api/users/providers?region=Kumasi [36m304[0m 8.452 ms - -[0m
[0mGET /api/bookings/user/6a708bd2728cc62199cd7675 [36m304[0m 5.908 ms - -[0m
[0mGET /api/bookings/user/6a708bd2728cc62199cd7675 [36m304[0m 5.929 ms - -[0m
[0mGET /api/bookings/user/6a708bd2728cc62199cd7675 [36m304[0m 6.332 ms - -[0m
[0mGET /api/bookings/user/6a708bd2728cc62199cd7675 [36m304[0m 6.091 ms - -[0m
[0mGET /api/users/me [32m200[0m 5.203 ms - 822[0m
[0mGET /api/users/profile-update-request/me [36m304[0m 4.678 ms - -[0m
[0mGET /api/bookings/user/6a708bd2728cc62199cd7675 [36m304[0m 4.113 ms - -[0m
[0mGET /images/profile-male.png [36m304[0m 3.801 ms - -[0m
[0mGET /api/categories/active [33m404[0m 0.767 ms - 160[0m
[0mGET /api/users/me [36m304[0m 7.214 ms - -[0m
[0mGET /api/users/providers?region=Kumasi [36m304[0m 7.935 ms - -[0m
[0mGET /api/bookings/user/6a708bd2728cc62199cd7675 [36m304[0m 10.351 ms - -[0m
[0mGET /api/bookings/user/6a708bd2728cc62199cd7675 [36m304[0m 4.741 ms - -[0m
[0mPUT /api/users/push-token [32m200[0m 9.143 ms - 60[0m
[0mGET /api/users/me [36m304[0m 17.356 ms - -[0m
[0mGET /api/bookings/user/6a71828262bcc627b0c23489 [36m304[0m 7.142 ms - -[0m
[0mGET /api/users/me [36m304[0m 8.403 ms - -[0m
[0mGET /api/bookings/user/6a71828262bcc627b0c23489 [36m304[0m 8.817 ms - -[0m
[0mGET /api/bookings/user/6a71828262bcc627b0c23489 [36m304[0m 9.453 ms - -[0m
[0mGET /api/users/me [36m304[0m 19.741 ms - -[0m
[0mGET /api/users/me [36m304[0m 20.125 ms - -[0m
[0mGET /api/bookings/user/6a71828262bcc627b0c23489 [36m304[0m 5.672 ms - -[0m
[0mGET /api/users/me [36m304[0m 20.222 ms - -[0m
[0mGET /api/bookings/user/6a71828262bcc627b0c23489 [36m304[0m 3.575 ms - -[0m
[0mGET /api/users/me [36m304[0m 17.664 ms - -[0m
[0mGET /api/bookings/user/6a71828262bcc627b0c23489 [36m304[0m 5.151 ms - -[0m
[0mGET /api/users/me [36m304[0m 14.871 ms - -[0m
[0mGET /api/bookings/user/6a71828262bcc627b0c23489 [36m304[0m 4.123 ms - -[0m
[0mGET /api/users/me [36m304[0m 12.414 ms - -[0m
[0mGET /api/bookings/user/6a71828262bcc627b0c23489 [36m304[0m 3.766 ms - -[0m
[0mGET /api/users/me [36m304[0m 15.131 ms - -[0m
[0mGET /api/bookings/user/6a71828262bcc627b0c23489 [36m304[0m 7.899 ms - -[0m
[0mGET /api/users/me [36m304[0m 12.853 ms - -[0m
[0mGET /api/bookings/user/6a71828262bcc627b0c23489 [36m304[0m 3.726 ms - -[0m
[0mGET /api/users/me [36m304[0m 18.969 ms - -[0m
[0mGET /api/bookings/user/6a71828262bcc627b0c23489 [36m304[0m 11.731 ms - -[0m
[32m[nodemon] restarting due to changes...[39m
[32m[nodemon] starting `node src/server.js`[39m
◇ injected env (4) from .env // tip: ⌘ custom filepath { path: '/custom/path/.env' }
Firebase Admin Initialized successfully using serviceAccountKey.json.
Server running in development mode on port 8000
MongoDB Connected: localhost
[0mGET /api/users/me [36m304[0m 28.004 ms - -[0m
[0mGET /api/users/me [36m304[0m 15.212 ms - -[0m
[0mGET /api/bookings/user/6a71828262bcc627b0c23489 [36m304[0m 11.043 ms - -[0m
[0mGET /api/users/me [36m304[0m 18.428 ms - -[0m
[32m[nodemon] restarting due to changes...[39m
[32m[nodemon] starting `node src/server.js`[39m
◇ injected env (4) from .env // tip: ⌘ enable debugging { debug: true }
Firebase Admin Initialized successfully using serviceAccountKey.json.
Server running in development mode on port 8000
MongoDB Connected: localhost
[0mGET /api/users/me [36m304[0m 14.042 ms - -[0m
[0mGET /api/bookings/user/6a71828262bcc627b0c23489 [36m304[0m 7.881 ms - -[0m
[0mGET /api/users/me [36m304[0m 14.485 ms - -[0m
[0mGET /api/users/me [36m304[0m 9.731 ms - -[0m
[0mGET /api/users/profile-update-request/me [36m304[0m 7.836 ms - -[0m
[0mGET /api/bookings/user/6a71828262bcc627b0c23489 [36m304[0m 3.806 ms - -[0m
[0mGET /api/users/me [36m304[0m 13.494 ms - -[0m
[0mGET /api/bookings/user/6a71828262bcc627b0c23489 [36m304[0m 6.006 ms - -[0m
[0mGET /api/auth/regions [32m200[0m 0.248 ms - 358[0m
[0mGET /api/users/profile-update-request/me [36m304[0m 14.405 ms - -[0m
[0mGET /api/users/me [36m304[0m 16.473 ms - -[0m
[0mGET /api/bookings/user/6a71828262bcc627b0c23489 [36m304[0m 3.562 ms - -[0m
[0mGET /api/users/me [36m304[0m 14.417 ms - -[0m
[0mGET /api/bookings/user/6a71828262bcc627b0c23489 [36m304[0m 11.638 ms - -[0m
[0mGET /api/bookings/user/6a71828262bcc627b0c23489 [36m304[0m 11.222 ms - -[0m
[0mGET /api/users/me [36m304[0m 20.224 ms - -[0m
[0mGET /api/users/me [36m304[0m 20.332 ms - -[0m
[0mGET /api/bookings/user/6a71828262bcc627b0c23489 [36m304[0m 5.696 ms - -[0m
[0mGET /api/users/me [36m304[0m 9.991 ms - -[0m
[0mGET /api/auth/regions [36m304[0m 0.162 ms - -[0m
[0mGET /api/users/profile-update-request/me [36m304[0m 4.350 ms - -[0m
[0mGET /api/bookings/user/6a71828262bcc627b0c23489 [36m304[0m 3.797 ms - -[0m
[0mGET /api/users/me [36m304[0m 10.931 ms - -[0m
[0mGET /api/bookings/user/6a71828262bcc627b0c23489 [36m304[0m 8.774 ms - -[0m
[0mGET /api/users/me [36m304[0m 15.437 ms - -[0m
[0mGET /api/bookings/user/6a71828262bcc627b0c23489 [36m304[0m 3.334 ms - -[0m
[0mGET /api/users/me [36m304[0m 9.803 ms - -[0m
[0mGET /api/auth/regions [36m304[0m 0.069 ms - -[0m
[0mGET /api/users/profile-update-request/me [36m304[0m 3.927 ms - -[0m
[0mGET /api/bookings/user/6a71828262bcc627b0c23489 [36m304[0m 4.674 ms - -[0m
[0mGET /api/auth/regions [36m304[0m 0.048 ms - -[0m
[0mGET /api/users/me [36m304[0m 6.520 ms - -[0m
[0mGET /api/users/profile-update-request/me [36m304[0m 6.240 ms - -[0m
[0mGET /api/bookings/user/6a71828262bcc627b0c23489 [36m304[0m 3.064 ms - -[0m
[0mGET /api/bookings/user/6a71828262bcc627b0c23489 [36m304[0m 4.538 ms - -[0m
[0mGET /api/bookings/user/6a71828262bcc627b0c23489 [36m304[0m 7.086 ms - -[0m
[0mGET /api/bookings/user/6a71828262bcc627b0c23489 [36m304[0m 9.647 ms - -[0m
[0mGET /api/users/me [36m304[0m 19.081 ms - -[0m
[0mGET /api/bookings/user/6a71828262bcc627b0c23489 [36m304[0m 5.620 ms - -[0m
[0mGET /api/users/me [36m304[0m 20.351 ms - -[0m
[0mGET /api/users/me [36m304[0m 22.601 ms - -[0m
[0mGET /api/bookings/user/6a71828262bcc627b0c23489 [36m304[0m 4.550 ms - -[0m
[0mGET /api/bookings/user/6a71828262bcc627b0c23489 [36m304[0m 8.020 ms - -[0m
[0mGET /api/users/me [36m304[0m 15.830 ms - -[0m
[0mGET /api/bookings/user/6a71828262bcc627b0c23489 [36m304[0m 5.804 ms - -[0m
[0mGET /api/users/me [36m304[0m 22.576 ms - -[0m
[0mGET /api/auth/regions [36m304[0m 0.104 ms - -[0m
[0mGET /api/users/profile-update-request/me [36m304[0m 17.043 ms - -[0m
[0mGET /api/bookings/user/6a71828262bcc627b0c23489 [36m304[0m 4.931 ms - -[0m
[0mGET /api/bookings/user/6a71828262bcc627b0c23489 [36m304[0m 9.119 ms - -[0m
[0mGET /api/bookings/user/6a71828262bcc627b0c23489 [36m304[0m 7.121 ms - -[0m
[0mGET /api/users/me [36m304[0m 22.012 ms - -[0m
[0mGET /api/users/me [36m304[0m 23.040 ms - -[0m
[0mGET /api/bookings/user/6a71828262bcc627b0c23489 [36m304[0m 4.812 ms - -[0m
[0mGET /api/categories/active [33m404[0m 4.365 ms - 160[0m
[0mGET /api/users/me [32m200[0m 27.624 ms - 822[0m
[0mGET /api/bookings/user/6a708bd2728cc62199cd7675 [32m200[0m 8.414 ms - 1325[0m
[0mGET /api/users/providers?region=Kumasi [32m200[0m 13.100 ms - 14819[0m
[0mGET /api/bookings/user/6a708bd2728cc62199cd7675 [36m304[0m 5.010 ms - -[0m
[0mPUT /api/users/push-token [32m200[0m 10.329 ms - 60[0m
[0mGET /api/bookings/user/6a708bd2728cc62199cd7675 [36m304[0m 7.831 ms - -[0m
[0mGET /api/bookings/user/6a708bd2728cc62199cd7675 [36m304[0m 9.554 ms - -[0m
[0mGET /api/bookings/user/6a708bd2728cc62199cd7675 [36m304[0m 8.552 ms - -[0m
[0mGET /api/auth/regions [32m200[0m 0.160 ms - 358[0m
[0mGET /api/users/me [36m304[0m 11.237 ms - -[0m
[0mGET /api/users/profile-update-request/me [36m304[0m 10.872 ms - -[0m
[0mGET /api/bookings/user/6a708bd2728cc62199cd7675 [36m304[0m 4.705 ms - -[0m
[0mGET /images/profile-male.png [32m200[0m 4.887 ms - 70861[0m
[0mGET /api/categories/active [33m404[0m 3.424 ms - 160[0m
[0mGET /api/users/providers?region=Kumasi [36m304[0m 9.121 ms - -[0m
[0mGET /api/users/me [36m304[0m 14.849 ms - -[0m
[0mGET /api/bookings/user/6a708bd2728cc62199cd7675 [36m304[0m 12.707 ms - -[0m
[0mGET /api/bookings/user/6a708bd2728cc62199cd7675 [36m304[0m 4.767 ms - -[0m
[0mPUT /api/users/push-token [32m200[0m 7.225 ms - 60[0m
[0mGET /api/bookings/user/6a708bd2728cc62199cd7675 [36m304[0m 4.808 ms - -[0m
[0mGET /api/bookings/user/6a708bd2728cc62199cd7675 [36m304[0m 7.305 ms - -[0m
[0mGET /api/bookings/user/6a708bd2728cc62199cd7675 [36m304[0m 4.220 ms - -[0m
[0mGET /api/auth/regions [36m304[0m 0.191 ms - -[0m
[0mGET /api/users/profile-update-request/me [36m304[0m 5.685 ms - -[0m
[0mGET /api/users/me [36m304[0m 8.428 ms - -[0m
[0mGET /api/bookings/user/6a708bd2728cc62199cd7675 [36m304[0m 6.067 ms - -[0m
[32m[nodemon] restarting due to changes...[39m
[32m[nodemon] starting `node src/server.js`[39m
◇ injected env (4) from .env // tip: ⌘ suppress logs { quiet: true }
Firebase Admin Initialized successfully using serviceAccountKey.json.
Server running in development mode on port 8000
MongoDB Connected: localhost
